file,line,type,commit,author,date,time,timezone,datetime,depth,length
style.css,1,css,c0aa8a8c,nmanayilakath-droid,2026-04-17,20:37:51,-07:00,2026-04-17T20:37:51-07:00,0,4
style.css,2,css,c0aa8a8c,nmanayilakath-droid,2026-04-17,20:37:51,-07:00,2026-04-17T20:37:51-07:00,2,23
style.css,3,css,c0aa8a8c,nmanayilakath-droid,2026-04-17,20:37:51,-07:00,2026-04-17T20:37:51-07:00,2,31
style.css,4,css,c0aa8a8c,nmanayilakath-droid,2026-04-17,20:37:51,-07:00,2026-04-17T20:37:51-07:00,2,32
style.css,5,css,c0aa8a8c,nmanayilakath-droid,2026-04-17,20:37:51,-07:00,2026-04-17T20:37:51-07:00,0,0
style.css,6,css,c0aa8a8c,nmanayilakath-droid,2026-04-17,20:37:51,-07:00,2026-04-17T20:37:51-07:00,0,0
style.css,7,css,6ef529ff,nmanayilakath-droid,2026-04-03,21:59:54,-07:00,2026-04-03T21:59:54-07:00,0,4
style.css,8,css,6ef529ff,nmanayilakath-droid,2026-04-03,21:59:54,-07:00,2026-04-03T21:59:54-07:00,2,23
style.css,9,css,c8ece481,nmanayilakath-droid,2026-04-10,22:26:12,-07:00,2026-04-10T22:26:12-07:00,2,15
style.css,10,css,c8ece481,nmanayilakath-droid,2026-04-10,22:26:12,-07:00,2026-04-10T22:26:12-07:00,2,18
style.css,11,css,c8ece481,nmanayilakath-droid,2026-04-10,22:26:12,-07:00,2026-04-10T22:26:12-07:00,2,12
style.css,12,css,c0aa8a8c,nmanayilakath-droid,2026-04-17,20:37:51,-07:00,2026-04-17T20:37:51-07:00,2,17
style.css,13,css,c8ece481,nmanayilakath-droid,2026-04-10,22:26:12,-07:00,2026-04-10T22:26:12-07:00,0,0
style.css,14,css,c8ece481,nmanayilakath-droid,2026-04-10,22:26:12,-07:00,2026-04-10T22:26:12-07:00,0,0
style.css,15,css,c8ece481,nmanayilakath-droid,2026-04-10,22:26:12,-07:00,2026-04-10T22:26:12-07:00,0,5
style.css,16,css,c8ece481,nmanayilakath-droid,2026-04-10,22:26:12,-07:00,2026-04-10T22:26:12-07:00,0,6
style.css,17,css,c8ece481,nmanayilakath-droid,2026-04-10,22:26:12,-07:00,2026-04-10T22:26:12-07:00,2,16
style.css,18,css,c8ece481,nmanayilakath-droid,2026-04-10,22:26:12,-07:00,2026-04-10T22:26:12-07:00,0,0
style.css,19,css,c8ece481,nmanayilakath-droid,2026-04-10,22:26:12,-07:00,2026-04-10T22:26:12-07:00,0,0
style.css,20,css,c8ece481,nmanayilakath-droid,2026-04-10,22:26:12,-07:00,2026-04-10T22:26:12-07:00,0,3
style.css,21,css,c0aa8a8c,nmanayilakath-droid,2026-04-17,20:37:51,-07:00,2026-04-17T20:37:51-07:00,2,39
style.css,22,css,c8ece481,nmanayilakath-droid,2026-04-10,22:26:12,-07:00,2026-04-10T22:26:12-07:00,2,12
style.css,23,css,c8ece481,nmanayilakath-droid,2026-04-10,22:26:12,-07:00,2026-04-10T22:26:12-07:00,2,18
style.css,24,css,c0aa8a8c,nmanayilakath-droid,2026-04-17,20:37:51,-07:00,2026-04-17T20:37:51-07:00,2,43
style.css,25,css,c8ece481,nmanayilakath-droid,2026-04-10,22:26:12,-07:00,2026-04-10T22:26:12-07:00,0,0
style.css,26,css,c8ece481,nmanayilakath-droid,2026-04-10,22:26:12,-07:00,2026-04-10T22:26:12-07:00,0,0
style.css,27,css,c8ece481,nmanayilakath-droid,2026-04-10,22:26:12,-07:00,2026-04-10T22:26:12-07:00,0,5
style.css,28,css,c8ece481,nmanayilakath-droid,2026-04-10,22:26:12,-07:00,2026-04-10T22:26:12-07:00,2,6
style.css,29,css,c8ece481,nmanayilakath-droid,2026-04-10,22:26:12,-07:00,2026-04-10T22:26:12-07:00,2,20
style.css,30,css,c8ece481,nmanayilakath-droid,2026-04-10,22:26:12,-07:00,2026-04-10T22:26:12-07:00,2,13
style.css,31,css,c8ece481,nmanayilakath-droid,2026-04-10,22:26:12,-07:00,2026-04-10T22:26:12-07:00,2,17
style.css,32,css,c8ece481,nmanayilakath-droid,2026-04-10,22:26:12,-07:00,2026-04-10T22:26:12-07:00,2,13
style.css,33,css,c8ece481,nmanayilakath-droid,2026-04-10,22:26:12,-07:00,2026-04-10T22:26:12-07:00,0,0
style.css,34,css,c8ece481,nmanayilakath-droid,2026-04-10,22:26:12,-07:00,2026-04-10T22:26:12-07:00,0,0
style.css,35,css,c8ece481,nmanayilakath-droid,2026-04-10,22:26:12,-07:00,2026-04-10T22:26:12-07:00,0,13
style.css,36,css,c0aa8a8c,nmanayilakath-droid,2026-04-17,20:37:51,-07:00,2026-04-17T20:37:51-07:00,2,45
style.css,37,css,c8ece481,nmanayilakath-droid,2026-04-10,22:26:12,-07:00,2026-04-10T22:26:12-07:00,2,20
style.css,38,css,c8ece481,nmanayilakath-droid,2026-04-10,22:26:12,-07:00,2026-04-10T22:26:12-07:00,0,0
style.css,39,css,c8ece481,nmanayilakath-droid,2026-04-10,22:26:12,-07:00,2026-04-10T22:26:12-07:00,0,0
style.css,40,css,c8ece481,nmanayilakath-droid,2026-04-10,22:26:12,-07:00,2026-04-10T22:26:12-07:00,0,11
style.css,41,css,c8ece481,nmanayilakath-droid,2026-04-10,22:26:12,-07:00,2026-04-10T22:26:12-07:00,2,45
style.css,42,css,c8ece481,nmanayilakath-droid,2026-04-10,22:26:12,-07:00,2026-04-10T22:26:12-07:00,2,20
style.css,43,css,c0aa8a8c,nmanayilakath-droid,2026-04-17,20:37:51,-07:00,2026-04-17T20:37:51-07:00,2,69
style.css,44,css,c8ece481,nmanayilakath-droid,2026-04-10,22:26:12,-07:00,2026-04-10T22:26:12-07:00,0,0
style.css,45,css,c0aa8a8c,nmanayilakath-droid,2026-04-17,20:37:51,-07:00,2026-04-17T20:37:51-07:00,0,0
style.css,46,css,c8ece481,nmanayilakath-droid,2026-04-10,22:26:12,-07:00,2026-04-10T22:26:12-07:00,0,4
style.css,47,css,c8ece481,nmanayilakath-droid,2026-04-10,22:26:12,-07:00,2026-04-10T22:26:12-07:00,0,7
style.css,48,css,c0aa8a8c,nmanayilakath-droid,2026-04-17,20:37:51,-07:00,2026-04-17T20:37:51-07:00,0,5
style.css,49,css,c0aa8a8c,nmanayilakath-droid,2026-04-17,20:37:51,-07:00,2026-04-17T20:37:51-07:00,0,6
style.css,50,css,c8ece481,nmanayilakath-droid,2026-04-10,22:26:12,-07:00,2026-04-10T22:26:12-07:00,2,12
style.css,51,css,c8ece481,nmanayilakath-droid,2026-04-10,22:26:12,-07:00,2026-04-10T22:26:12-07:00,0,0
style.css,52,css,c8ece481,nmanayilakath-droid,2026-04-10,22:26:12,-07:00,2026-04-10T22:26:12-07:00,0,0
style.css,53,css,c8ece481,nmanayilakath-droid,2026-04-10,22:26:12,-07:00,2026-04-10T22:26:12-07:00,0,4
style.css,54,css,c8ece481,nmanayilakath-droid,2026-04-10,22:26:12,-07:00,2026-04-10T22:26:12-07:00,2,12
style.css,55,css,c8ece481,nmanayilakath-droid,2026-04-10,22:26:12,-07:00,2026-04-10T22:26:12-07:00,2,30
style.css,56,css,c8ece481,nmanayilakath-droid,2026-04-10,22:26:12,-07:00,2026-04-10T22:26:12-07:00,2,7
style.css,57,css,c8ece481,nmanayilakath-droid,2026-04-10,22:26:12,-07:00,2026-04-10T22:26:12-07:00,0,0
style.css,58,css,c8ece481,nmanayilakath-droid,2026-04-10,22:26:12,-07:00,2026-04-10T22:26:12-07:00,0,0
style.css,59,css,c0aa8a8c,nmanayilakath-droid,2026-04-17,20:37:51,-07:00,2026-04-17T20:37:51-07:00,0,10
style.css,60,css,c8ece481,nmanayilakath-droid,2026-04-10,22:26:12,-07:00,2026-04-10T22:26:12-07:00,2,12
style.css,61,css,c8ece481,nmanayilakath-droid,2026-04-10,22:26:12,-07:00,2026-04-10T22:26:12-07:00,2,29
style.css,62,css,c8ece481,nmanayilakath-droid,2026-04-10,22:26:12,-07:00,2026-04-10T22:26:12-07:00,2,18
style.css,63,css,c8ece481,nmanayilakath-droid,2026-04-10,22:26:12,-07:00,2026-04-10T22:26:12-07:00,0,0
style.css,64,css,c8ece481,nmanayilakath-droid,2026-04-10,22:26:12,-07:00,2026-04-10T22:26:12-07:00,0,0
style.css,65,css,c8ece481,nmanayilakath-droid,2026-04-10,22:26:12,-07:00,2026-04-10T22:26:12-07:00,0,4
style.css,66,css,c8ece481,nmanayilakath-droid,2026-04-10,22:26:12,-07:00,2026-04-10T22:26:12-07:00,0,8
style.css,67,css,c8ece481,nmanayilakath-droid,2026-04-10,22:26:12,-07:00,2026-04-10T22:26:12-07:00,2,10
style.css,68,css,c8ece481,nmanayilakath-droid,2026-04-10,22:26:12,-07:00,2026-04-10T22:26:12-07:00,2,21
style.css,69,css,c8ece481,nmanayilakath-droid,2026-04-10,22:26:12,-07:00,2026-04-10T22:26:12-07:00,0,0
style.css,70,css,c8ece481,nmanayilakath-droid,2026-04-10,22:26:12,-07:00,2026-04-10T22:26:12-07:00,0,0
style.css,71,css,c8ece481,nmanayilakath-droid,2026-04-10,22:26:12,-07:00,2026-04-10T22:26:12-07:00,0,6
style.css,72,css,c8ece481,nmanayilakath-droid,2026-04-10,22:26:12,-07:00,2026-04-10T22:26:12-07:00,2,18
style.css,73,css,c8ece481,nmanayilakath-droid,2026-04-10,22:26:12,-07:00,2026-04-10T22:26:12-07:00,0,0
style.css,74,css,c0aa8a8c,nmanayilakath-droid,2026-04-17,20:37:51,-07:00,2026-04-17T20:37:51-07:00,0,0
style.css,75,css,aa762eed,nmanayilakath-droid,2026-05-01,23:09:58,-07:00,2026-05-01T23:09:58-07:00,0,10
style.css,76,css,aa762eed,nmanayilakath-droid,2026-05-01,23:09:58,-07:00,2026-05-01T23:09:58-07:00,2,10
style.css,77,css,aa762eed,nmanayilakath-droid,2026-05-01,23:09:58,-07:00,2026-05-01T23:09:58-07:00,2,15
style.css,78,css,aa762eed,nmanayilakath-droid,2026-05-01,23:09:58,-07:00,2026-05-01T23:09:58-07:00,2,19
style.css,79,css,aa762eed,nmanayilakath-droid,2026-05-01,23:09:58,-07:00,2026-05-01T23:09:58-07:00,2,18
style.css,80,css,aa762eed,nmanayilakath-droid,2026-05-01,23:09:58,-07:00,2026-05-01T23:09:58-07:00,2,21
style.css,81,css,aa762eed,nmanayilakath-droid,2026-05-01,23:09:58,-07:00,2026-05-01T23:09:58-07:00,2,20
style.css,82,css,aa762eed,nmanayilakath-droid,2026-05-01,23:09:58,-07:00,2026-05-01T23:09:58-07:00,2,12
style.css,83,css,aa762eed,nmanayilakath-droid,2026-05-01,23:09:58,-07:00,2026-05-01T23:09:58-07:00,2,21
style.css,84,css,aa762eed,nmanayilakath-droid,2026-05-01,23:09:58,-07:00,2026-05-01T23:09:58-07:00,0,0
style.css,85,css,aa762eed,nmanayilakath-droid,2026-05-01,23:09:58,-07:00,2026-05-01T23:09:58-07:00,0,0
style.css,86,css,aa762eed,nmanayilakath-droid,2026-05-01,23:09:58,-07:00,2026-05-01T23:09:58-07:00,0,14
style.css,87,css,aa762eed,nmanayilakath-droid,2026-05-01,23:09:58,-07:00,2026-05-01T23:09:58-07:00,2,12
style.css,88,css,aa762eed,nmanayilakath-droid,2026-05-01,23:09:58,-07:00,2026-05-01T23:09:58-07:00,2,14
style.css,89,css,aa762eed,nmanayilakath-droid,2026-05-01,23:09:58,-07:00,2026-05-01T23:09:58-07:00,2,10
style.css,90,css,aa762eed,nmanayilakath-droid,2026-05-01,23:09:58,-07:00,2026-05-01T23:09:58-07:00,2,22
style.css,91,css,aa762eed,nmanayilakath-droid,2026-05-01,23:09:58,-07:00,2026-05-01T23:09:58-07:00,2,20
style.css,92,css,aa762eed,nmanayilakath-droid,2026-05-01,23:09:58,-07:00,2026-05-01T23:09:58-07:00,0,0
style.css,93,css,aa762eed,nmanayilakath-droid,2026-05-01,23:09:58,-07:00,2026-05-01T23:09:58-07:00,0,0
style.css,94,css,aa762eed,nmanayilakath-droid,2026-05-01,23:09:58,-07:00,2026-05-01T23:09:58-07:00,0,18
style.css,95,css,aa762eed,nmanayilakath-droid,2026-05-01,23:09:58,-07:00,2026-05-01T23:09:58-07:00,2,14
style.css,96,css,aa762eed,nmanayilakath-droid,2026-05-01,23:09:58,-07:00,2026-05-01T23:09:58-07:00,2,18
style.css,97,css,aa762eed,nmanayilakath-droid,2026-05-01,23:09:58,-07:00,2026-05-01T23:09:58-07:00,2,16
style.css,98,css,aa762eed,nmanayilakath-droid,2026-05-01,23:09:58,-07:00,2026-05-01T23:09:58-07:00,2,14
style.css,99,css,aa762eed,nmanayilakath-droid,2026-05-01,23:09:58,-07:00,2026-05-01T23:09:58-07:00,2,15
style.css,100,css,aa762eed,nmanayilakath-droid,2026-05-01,23:09:58,-07:00,2026-05-01T23:09:58-07:00,0,0
style.css,101,css,aa762eed,nmanayilakath-droid,2026-05-01,23:09:58,-07:00,2026-05-01T23:09:58-07:00,0,0
style.css,102,css,aa762eed,nmanayilakath-droid,2026-05-01,23:09:58,-07:00,2026-05-01T23:09:58-07:00,0,23
style.css,103,css,aa762eed,nmanayilakath-droid,2026-05-01,23:09:58,-07:00,2026-05-01T23:09:58-07:00,2,68
style.css,104,css,aa762eed,nmanayilakath-droid,2026-05-01,23:09:58,-07:00,2026-05-01T23:09:58-07:00,0,0
style.css,105,css,aa762eed,nmanayilakath-droid,2026-05-01,23:09:58,-07:00,2026-05-01T23:09:58-07:00,0,0
style.css,106,css,aa762eed,nmanayilakath-droid,2026-05-01,23:09:58,-07:00,2026-05-01T23:09:58-07:00,0,51
style.css,107,css,aa762eed,nmanayilakath-droid,2026-05-01,23:09:58,-07:00,2026-05-01T23:09:58-07:00,2,11
style.css,108,css,aa762eed,nmanayilakath-droid,2026-05-01,23:09:58,-07:00,2026-05-01T23:09:58-07:00,0,0
style.css,109,css,aa762eed,nmanayilakath-droid,2026-05-01,23:09:58,-07:00,2026-05-01T23:09:58-07:00,0,0
style.css,110,css,aa762eed,nmanayilakath-droid,2026-05-01,23:09:58,-07:00,2026-05-01T23:09:58-07:00,0,7
style.css,111,css,aa762eed,nmanayilakath-droid,2026-05-01,23:09:58,-07:00,2026-05-01T23:09:58-07:00,2,12
style.css,112,css,aa762eed,nmanayilakath-droid,2026-05-01,23:09:58,-07:00,2026-05-01T23:09:58-07:00,2,59
style.css,113,css,aa762eed,nmanayilakath-droid,2026-05-01,23:09:58,-07:00,2026-05-01T23:09:58-07:00,2,8
style.css,114,css,aa762eed,nmanayilakath-droid,2026-05-01,23:09:58,-07:00,2026-05-01T23:09:58-07:00,2,14
style.css,115,css,aa762eed,nmanayilakath-droid,2026-05-01,23:09:58,-07:00,2026-05-01T23:09:58-07:00,2,8
style.css,116,css,aa762eed,nmanayilakath-droid,2026-05-01,23:09:58,-07:00,2026-05-01T23:09:58-07:00,2,9
style.css,117,css,aa762eed,nmanayilakath-droid,2026-05-01,23:09:58,-07:00,2026-05-01T23:09:58-07:00,2,15
style.css,118,css,aa762eed,nmanayilakath-droid,2026-05-01,23:09:58,-07:00,2026-05-01T23:09:58-07:00,0,0
style.css,119,css,aa762eed,nmanayilakath-droid,2026-05-01,23:09:58,-07:00,2026-05-01T23:09:58-07:00,0,0
style.css,120,css,aa762eed,nmanayilakath-droid,2026-05-01,23:09:58,-07:00,2026-05-01T23:09:58-07:00,0,12
style.css,121,css,aa762eed,nmanayilakath-droid,2026-05-01,23:09:58,-07:00,2026-05-01T23:09:58-07:00,2,12
style.css,122,css,aa762eed,nmanayilakath-droid,2026-05-01,23:09:58,-07:00,2026-05-01T23:09:58-07:00,2,18
style.css,123,css,aa762eed,nmanayilakath-droid,2026-05-01,23:09:58,-07:00,2026-05-01T23:09:58-07:00,2,11
style.css,124,css,aa762eed,nmanayilakath-droid,2026-05-01,23:09:58,-07:00,2026-05-01T23:09:58-07:00,2,19
style.css,125,css,aa762eed,nmanayilakath-droid,2026-05-01,23:09:58,-07:00,2026-05-01T23:09:58-07:00,2,36
style.css,126,css,aa762eed,nmanayilakath-droid,2026-05-01,23:09:58,-07:00,2026-05-01T23:09:58-07:00,2,18
style.css,127,css,aa762eed,nmanayilakath-droid,2026-05-01,23:09:58,-07:00,2026-05-01T23:09:58-07:00,2,14
style.css,128,css,aa762eed,nmanayilakath-droid,2026-05-01,23:09:58,-07:00,2026-05-01T23:09:58-07:00,2,85
style.css,129,css,aa762eed,nmanayilakath-droid,2026-05-01,23:09:58,-07:00,2026-05-01T23:09:58-07:00,2,54
style.css,130,css,aa762eed,nmanayilakath-droid,2026-05-01,23:09:58,-07:00,2026-05-01T23:09:58-07:00,0,0
style.css,131,css,aa762eed,nmanayilakath-droid,2026-05-01,23:09:58,-07:00,2026-05-01T23:09:58-07:00,0,0
style.css,132,css,aa762eed,nmanayilakath-droid,2026-05-01,23:09:58,-07:00,2026-05-01T23:09:58-07:00,0,18
style.css,133,css,aa762eed,nmanayilakath-droid,2026-05-01,23:09:58,-07:00,2026-05-01T23:09:58-07:00,2,26
style.css,134,css,aa762eed,nmanayilakath-droid,2026-05-01,23:09:58,-07:00,2026-05-01T23:09:58-07:00,2,63
style.css,135,css,aa762eed,nmanayilakath-droid,2026-05-01,23:09:58,-07:00,2026-05-01T23:09:58-07:00,0,0
style.css,136,css,aa762eed,nmanayilakath-droid,2026-05-01,23:09:58,-07:00,2026-05-01T23:09:58-07:00,0,0
style.css,137,css,aa762eed,nmanayilakath-droid,2026-05-01,23:09:58,-07:00,2026-05-01T23:09:58-07:00,0,21
style.css,138,css,aa762eed,nmanayilakath-droid,2026-05-01,23:09:58,-07:00,2026-05-01T23:09:58-07:00,2,32
style.css,139,css,aa762eed,nmanayilakath-droid,2026-05-01,23:09:58,-07:00,2026-05-01T23:09:58-07:00,2,63
style.css,140,css,aa762eed,nmanayilakath-droid,2026-05-01,23:09:58,-07:00,2026-05-01T23:09:58-07:00,0,0
style.css,141,css,aa762eed,nmanayilakath-droid,2026-05-01,23:09:58,-07:00,2026-05-01T23:09:58-07:00,0,0
style.css,142,css,aa762eed,nmanayilakath-droid,2026-05-01,23:09:58,-07:00,2026-05-01T23:09:58-07:00,0,7
style.css,143,css,aa762eed,nmanayilakath-droid,2026-05-01,23:09:58,-07:00,2026-05-01T23:09:58-07:00,2,20
style.css,144,css,aa762eed,nmanayilakath-droid,2026-05-01,23:09:58,-07:00,2026-05-01T23:09:58-07:00,2,10
style.css,145,css,aa762eed,nmanayilakath-droid,2026-05-01,23:09:58,-07:00,2026-05-01T23:09:58-07:00,2,11
style.css,146,css,aa762eed,nmanayilakath-droid,2026-05-01,23:09:58,-07:00,2026-05-01T23:09:58-07:00,2,21
style.css,147,css,aa762eed,nmanayilakath-droid,2026-05-01,23:09:58,-07:00,2026-05-01T23:09:58-07:00,2,31
style.css,148,css,aa762eed,nmanayilakath-droid,2026-05-01,23:09:58,-07:00,2026-05-01T23:09:58-07:00,2,13
style.css,149,css,aa762eed,nmanayilakath-droid,2026-05-01,23:09:58,-07:00,2026-05-01T23:09:58-07:00,0,0
style.css,150,css,aa762eed,nmanayilakath-droid,2026-05-01,23:09:58,-07:00,2026-05-01T23:09:58-07:00,0,0
style.css,151,css,aa762eed,nmanayilakath-droid,2026-05-01,23:09:58,-07:00,2026-05-01T23:09:58-07:00,0,32
style.css,152,css,aa762eed,nmanayilakath-droid,2026-05-01,23:09:58,-07:00,2026-05-01T23:09:58-07:00,2,32
style.css,153,css,aa762eed,nmanayilakath-droid,2026-05-01,23:09:58,-07:00,2026-05-01T23:09:58-07:00,0,0
style.css,154,css,aa762eed,nmanayilakath-droid,2026-05-01,23:09:58,-07:00,2026-05-01T23:09:58-07:00,0,0
style.css,155,css,c8ece481,nmanayilakath-droid,2026-04-10,22:26:12,-07:00,2026-04-10T22:26:12-07:00,0,9
style.css,156,css,c8ece481,nmanayilakath-droid,2026-04-10,22:26:12,-07:00,2026-04-10T22:26:12-07:00,2,12
style.css,157,css,c8ece481,nmanayilakath-droid,2026-04-10,22:26:12,-07:00,2026-04-10T22:26:12-07:00,2,58
style.css,158,css,c8ece481,nmanayilakath-droid,2026-04-10,22:26:12,-07:00,2026-04-10T22:26:12-07:00,2,7
style.css,159,css,c8ece481,nmanayilakath-droid,2026-04-10,22:26:12,-07:00,2026-04-10T22:26:12-07:00,0,0
style.css,160,css,c8ece481,nmanayilakath-droid,2026-04-10,22:26:12,-07:00,2026-04-10T22:26:12-07:00,0,0
style.css,161,css,c8ece481,nmanayilakath-droid,2026-04-10,22:26:12,-07:00,2026-04-10T22:26:12-07:00,0,17
style.css,162,css,c8ece481,nmanayilakath-droid,2026-04-10,22:26:12,-07:00,2026-04-10T22:26:12-07:00,2,12
style.css,163,css,c8ece481,nmanayilakath-droid,2026-04-10,22:26:12,-07:00,2026-04-10T22:26:12-07:00,2,7
style.css,164,css,aa762eed,nmanayilakath-droid,2026-05-01,23:09:58,-07:00,2026-05-01T23:09:58-07:00,2,36
style.css,165,css,aa762eed,nmanayilakath-droid,2026-05-01,23:09:58,-07:00,2026-05-01T23:09:58-07:00,2,12
style.css,166,css,aa762eed,nmanayilakath-droid,2026-05-01,23:09:58,-07:00,2026-05-01T23:09:58-07:00,2,18
style.css,167,css,aa762eed,nmanayilakath-droid,2026-05-01,23:09:58,-07:00,2026-05-01T23:09:58-07:00,2,54
style.css,168,css,c8ece481,nmanayilakath-droid,2026-04-10,22:26:12,-07:00,2026-04-10T22:26:12-07:00,0,0
style.css,169,css,c8ece481,nmanayilakath-droid,2026-04-10,22:26:12,-07:00,2026-04-10T22:26:12-07:00,0,0
style.css,170,css,c8ece481,nmanayilakath-droid,2026-04-10,22:26:12,-07:00,2026-04-10T22:26:12-07:00,0,12
style.css,171,css,c8ece481,nmanayilakath-droid,2026-04-10,22:26:12,-07:00,2026-04-10T22:26:12-07:00,2,8
style.css,172,css,c8ece481,nmanayilakath-droid,2026-04-10,22:26:12,-07:00,2026-04-10T22:26:12-07:00,0,0
style.css,173,css,c8ece481,nmanayilakath-droid,2026-04-10,22:26:12,-07:00,2026-04-10T22:26:12-07:00,0,0
style.css,174,css,aa762eed,nmanayilakath-droid,2026-05-01,23:09:58,-07:00,2026-05-01T23:09:58-07:00,0,13
style.css,175,css,aa762eed,nmanayilakath-droid,2026-05-01,23:09:58,-07:00,2026-05-01T23:09:58-07:00,2,12
style.css,176,css,aa762eed,nmanayilakath-droid,2026-05-01,23:09:58,-07:00,2026-05-01T23:09:58-07:00,2,11
style.css,177,css,aa762eed,nmanayilakath-droid,2026-05-01,23:09:58,-07:00,2026-05-01T23:09:58-07:00,0,0
style.css,178,css,aa762eed,nmanayilakath-droid,2026-05-01,23:09:58,-07:00,2026-05-01T23:09:58-07:00,0,0
style.css,179,css,aa762eed,nmanayilakath-droid,2026-05-01,23:09:58,-07:00,2026-05-01T23:09:58-07:00,0,19
style.css,180,css,aa762eed,nmanayilakath-droid,2026-05-01,23:09:58,-07:00,2026-05-01T23:09:58-07:00,2,10
style.css,181,css,aa762eed,nmanayilakath-droid,2026-05-01,23:09:58,-07:00,2026-05-01T23:09:58-07:00,2,34
style.css,182,css,aa762eed,nmanayilakath-droid,2026-05-01,23:09:58,-07:00,2026-05-01T23:09:58-07:00,2,36
style.css,183,css,aa762eed,nmanayilakath-droid,2026-05-01,23:09:58,-07:00,2026-05-01T23:09:58-07:00,2,8
style.css,184,css,aa762eed,nmanayilakath-droid,2026-05-01,23:09:58,-07:00,2026-05-01T23:09:58-07:00,0,0
style.css,185,css,aa762eed,nmanayilakath-droid,2026-05-01,23:09:58,-07:00,2026-05-01T23:09:58-07:00,0,0
style.css,186,css,c8ece481,nmanayilakath-droid,2026-04-10,22:26:12,-07:00,2026-04-10T22:26:12-07:00,0,2
style.css,187,css,c8ece481,nmanayilakath-droid,2026-04-10,22:26:12,-07:00,2026-04-10T22:26:12-07:00,2,14
style.css,188,css,c8ece481,nmanayilakath-droid,2026-04-10,22:26:12,-07:00,2026-04-10T22:26:12-07:00,0,0
style.css,189,css,c8ece481,nmanayilakath-droid,2026-04-10,22:26:12,-07:00,2026-04-10T22:26:12-07:00,0,0
style.css,190,css,c8ece481,nmanayilakath-droid,2026-04-10,22:26:12,-07:00,2026-04-10T22:26:12-07:00,0,22
style.css,191,css,c8ece481,nmanayilakath-droid,2026-04-10,22:26:12,-07:00,2026-04-10T22:26:12-07:00,2,15
style.css,192,css,c8ece481,nmanayilakath-droid,2026-04-10,22:26:12,-07:00,2026-04-10T22:26:12-07:00,2,17
style.css,193,css,c8ece481,nmanayilakath-droid,2026-04-10,22:26:12,-07:00,2026-04-10T22:26:12-07:00,0,0
style.css,194,css,c0aa8a8c,nmanayilakath-droid,2026-04-17,20:37:51,-07:00,2026-04-17T20:37:51-07:00,0,0
style.css,195,css,c8ece481,nmanayilakath-droid,2026-04-10,22:26:12,-07:00,2026-04-10T22:26:12-07:00,0,7
style.css,196,css,c8ece481,nmanayilakath-droid,2026-04-10,22:26:12,-07:00,2026-04-10T22:26:12-07:00,2,15
style.css,197,css,c8ece481,nmanayilakath-droid,2026-04-10,22:26:12,-07:00,2026-04-10T22:26:12-07:00,2,11
style.css,198,css,c8ece481,nmanayilakath-droid,2026-04-10,22:26:12,-07:00,2026-04-10T22:26:12-07:00,0,0
style.css,199,css,c8ece481,nmanayilakath-droid,2026-04-10,22:26:12,-07:00,2026-04-10T22:26:12-07:00,0,0
style.css,200,css,c8ece481,nmanayilakath-droid,2026-04-10,22:26:12,-07:00,2026-04-10T22:26:12-07:00,0,15
style.css,201,css,c8ece481,nmanayilakath-droid,2026-04-10,22:26:12,-07:00,2026-04-10T22:26:12-07:00,2,17
style.css,202,css,c8ece481,nmanayilakath-droid,2026-04-10,22:26:12,-07:00,2026-04-10T22:26:12-07:00,0,0
style.css,203,css,c8ece481,nmanayilakath-droid,2026-04-10,22:26:12,-07:00,2026-04-10T22:26:12-07:00,0,0
style.css,204,css,c8ece481,nmanayilakath-droid,2026-04-10,22:26:12,-07:00,2026-04-10T22:26:12-07:00,0,10
style.css,205,css,c8ece481,nmanayilakath-droid,2026-04-10,22:26:12,-07:00,2026-04-10T22:26:12-07:00,2,15
style.css,206,css,c8ece481,nmanayilakath-droid,2026-04-10,22:26:12,-07:00,2026-04-10T22:26:12-07:00,2,20
style.css,207,css,c8ece481,nmanayilakath-droid,2026-04-10,22:26:12,-07:00,2026-04-10T22:26:12-07:00,0,0
style.css,208,css,c8ece481,nmanayilakath-droid,2026-04-10,22:26:12,-07:00,2026-04-10T22:26:12-07:00,0,0
style.css,209,css,c8ece481,nmanayilakath-droid,2026-04-10,22:26:12,-07:00,2026-04-10T22:26:12-07:00,0,10
style.css,210,css,c8ece481,nmanayilakath-droid,2026-04-10,22:26:12,-07:00,2026-04-10T22:26:12-07:00,2,28
style.css,211,css,c8ece481,nmanayilakath-droid,2026-04-10,22:26:12,-07:00,2026-04-10T22:26:12-07:00,2,20
style.css,212,css,c8ece481,nmanayilakath-droid,2026-04-10,22:26:12,-07:00,2026-04-10T22:26:12-07:00,2,14
style.css,213,css,c8ece481,nmanayilakath-droid,2026-04-10,22:26:12,-07:00,2026-04-10T22:26:12-07:00,0,0
style.css,214,css,c8ece481,nmanayilakath-droid,2026-04-10,22:26:12,-07:00,2026-04-10T22:26:12-07:00,0,0
style.css,215,css,c8ece481,nmanayilakath-droid,2026-04-10,22:26:12,-07:00,2026-04-10T22:26:12-07:00,0,10
style.css,216,css,c8ece481,nmanayilakath-droid,2026-04-10,22:26:12,-07:00,2026-04-10T22:26:12-07:00,2,19
style.css,217,css,c8ece481,nmanayilakath-droid,2026-04-10,22:26:12,-07:00,2026-04-10T22:26:12-07:00,0,0
style.css,218,css,c8ece481,nmanayilakath-droid,2026-04-10,22:26:12,-07:00,2026-04-10T22:26:12-07:00,0,0
style.css,219,css,c8ece481,nmanayilakath-droid,2026-04-10,22:26:12,-07:00,2026-04-10T22:26:12-07:00,0,9
style.css,220,css,c8ece481,nmanayilakath-droid,2026-04-10,22:26:12,-07:00,2026-04-10T22:26:12-07:00,2,14
style.css,221,css,c8ece481,nmanayilakath-droid,2026-04-10,22:26:12,-07:00,2026-04-10T22:26:12-07:00,0,0
style.css,222,css,c8ece481,nmanayilakath-droid,2026-04-10,22:26:12,-07:00,2026-04-10T22:26:12-07:00,0,0
style.css,223,css,c8ece481,nmanayilakath-droid,2026-04-10,22:26:12,-07:00,2026-04-10T22:26:12-07:00,0,10
style.css,224,css,c8ece481,nmanayilakath-droid,2026-04-10,22:26:12,-07:00,2026-04-10T22:26:12-07:00,2,18
style.css,225,css,c8ece481,nmanayilakath-droid,2026-04-10,22:26:12,-07:00,2026-04-10T22:26:12-07:00,0,0
style.css,226,css,c8ece481,nmanayilakath-droid,2026-04-10,22:26:12,-07:00,2026-04-10T22:26:12-07:00,0,0
style.css,227,css,c8ece481,nmanayilakath-droid,2026-04-10,22:26:12,-07:00,2026-04-10T22:26:12-07:00,0,10
style.css,228,css,c8ece481,nmanayilakath-droid,2026-04-10,22:26:12,-07:00,2026-04-10T22:26:12-07:00,2,19
style.css,229,css,c8ece481,nmanayilakath-droid,2026-04-10,22:26:12,-07:00,2026-04-10T22:26:12-07:00,0,0
style.css,230,css,c8ece481,nmanayilakath-droid,2026-04-10,22:26:12,-07:00,2026-04-10T22:26:12-07:00,0,0
style.css,231,css,c8ece481,nmanayilakath-droid,2026-04-10,22:26:12,-07:00,2026-04-10T22:26:12-07:00,0,16
style.css,232,css,c8ece481,nmanayilakath-droid,2026-04-10,22:26:12,-07:00,2026-04-10T22:26:12-07:00,2,12
style.css,233,css,c8ece481,nmanayilakath-droid,2026-04-10,22:26:12,-07:00,2026-04-10T22:26:12-07:00,2,10
style.css,234,css,c0aa8a8c,nmanayilakath-droid,2026-04-17,20:37:51,-07:00,2026-04-17T20:37:51-07:00,0,0
style.css,235,css,c0aa8a8c,nmanayilakath-droid,2026-04-17,20:37:51,-07:00,2026-04-17T20:37:51-07:00,0,0
style.css,236,css,c0aa8a8c,nmanayilakath-droid,2026-04-17,20:37:51,-07:00,2026-04-17T20:37:51-07:00,0,13
style.css,237,css,c0aa8a8c,nmanayilakath-droid,2026-04-17,20:37:51,-07:00,2026-04-17T20:37:51-07:00,2,17
style.css,238,css,c0aa8a8c,nmanayilakath-droid,2026-04-17,20:37:51,-07:00,2026-04-17T20:37:51-07:00,2,8
style.css,239,css,c0aa8a8c,nmanayilakath-droid,2026-04-17,20:37:51,-07:00,2026-04-17T20:37:51-07:00,2,10
style.css,240,css,c0aa8a8c,nmanayilakath-droid,2026-04-17,20:37:51,-07:00,2026-04-17T20:37:51-07:00,2,13
style.css,241,css,c0aa8a8c,nmanayilakath-droid,2026-04-17,20:37:51,-07:00,2026-04-17T20:37:51-07:00,2,12
style.css,242,css,c0aa8a8c,nmanayilakath-droid,2026-04-17,20:37:51,-07:00,2026-04-17T20:37:51-07:00,2,10
style.css,243,css,c0aa8a8c,nmanayilakath-droid,2026-04-17,20:37:51,-07:00,2026-04-17T20:37:51-07:00,2,18
style.css,244,css,c0aa8a8c,nmanayilakath-droid,2026-04-17,20:37:51,-07:00,2026-04-17T20:37:51-07:00,2,12
style.css,245,css,c0aa8a8c,nmanayilakath-droid,2026-04-17,20:37:51,-07:00,2026-04-17T20:37:51-07:00,0,0
style.css,246,css,c0aa8a8c,nmanayilakath-droid,2026-04-17,20:37:51,-07:00,2026-04-17T20:37:51-07:00,0,0
style.css,247,css,c0aa8a8c,nmanayilakath-droid,2026-04-17,20:37:51,-07:00,2026-04-17T20:37:51-07:00,0,20
style.css,248,css,c0aa8a8c,nmanayilakath-droid,2026-04-17,20:37:51,-07:00,2026-04-17T20:37:51-07:00,2,12
style.css,249,css,6ef529ff,nmanayilakath-droid,2026-04-03,21:59:54,-07:00,2026-04-03T21:59:54-07:00,0,0
index.js,1,js,17205fca,nmanayilakath-droid,2026-04-24,22:24:39,-07:00,2026-04-24T22:24:39-07:00,0,71
index.js,2,js,17205fca,nmanayilakath-droid,2026-04-24,22:24:39,-07:00,2026-04-24T22:24:39-07:00,0,0
index.js,3,js,17205fca,nmanayilakath-droid,2026-04-24,22:24:39,-07:00,2026-04-24T22:24:39-07:00,0,19
index.js,4,js,17205fca,nmanayilakath-droid,2026-04-24,22:24:39,-07:00,2026-04-24T22:24:39-07:00,0,54
index.js,5,js,17205fca,nmanayilakath-droid,2026-04-24,22:24:39,-07:00,2026-04-24T22:24:39-07:00,0,0
index.js,6,js,17205fca,nmanayilakath-droid,2026-04-24,22:24:39,-07:00,2026-04-24T22:24:39-07:00,0,30
index.js,7,js,17205fca,nmanayilakath-droid,2026-04-24,22:24:39,-07:00,2026-04-24T22:24:39-07:00,0,42
index.js,8,js,17205fca,nmanayilakath-droid,2026-04-24,22:24:39,-07:00,2026-04-24T22:24:39-07:00,0,0
index.js,9,js,17205fca,nmanayilakath-droid,2026-04-24,22:24:39,-07:00,2026-04-24T22:24:39-07:00,0,54
index.js,10,js,17205fca,nmanayilakath-droid,2026-04-24,22:24:39,-07:00,2026-04-24T22:24:39-07:00,0,60
index.js,11,js,17205fca,nmanayilakath-droid,2026-04-24,22:24:39,-07:00,2026-04-24T22:24:39-07:00,0,0
index.js,12,js,17205fca,nmanayilakath-droid,2026-04-24,22:24:39,-07:00,2026-04-24T22:24:39-07:00,0,49
index.js,13,js,17205fca,nmanayilakath-droid,2026-04-24,22:24:39,-07:00,2026-04-24T22:24:39-07:00,0,54
index.js,14,js,17205fca,nmanayilakath-droid,2026-04-24,22:24:39,-07:00,2026-04-24T22:24:39-07:00,0,0
index.js,15,js,17205fca,nmanayilakath-droid,2026-04-24,22:24:39,-07:00,2026-04-24T22:24:39-07:00,0,18
index.js,16,js,17205fca,nmanayilakath-droid,2026-04-24,22:24:39,-07:00,2026-04-24T22:24:39-07:00,0,62
index.js,17,js,17205fca,nmanayilakath-droid,2026-04-24,22:24:39,-07:00,2026-04-24T22:24:39-07:00,0,0
index.js,18,js,17205fca,nmanayilakath-droid,2026-04-24,22:24:39,-07:00,2026-04-24T22:24:39-07:00,0,35
index.js,19,js,17205fca,nmanayilakath-droid,2026-04-24,22:24:39,-07:00,2026-04-24T22:24:39-07:00,0,60
index.js,20,js,17205fca,nmanayilakath-droid,2026-04-24,22:24:39,-07:00,2026-04-24T22:24:39-07:00,0,0
index.js,21,js,17205fca,nmanayilakath-droid,2026-04-24,22:24:39,-07:00,2026-04-24T22:24:39-07:00,0,33
index.js,22,js,17205fca,nmanayilakath-droid,2026-04-24,22:24:39,-07:00,2026-04-24T22:24:39-07:00,0,17
index.js,23,js,17205fca,nmanayilakath-droid,2026-04-24,22:24:39,-07:00,2026-04-24T22:24:39-07:00,1,24
index.js,24,js,17205fca,nmanayilakath-droid,2026-04-24,22:24:39,-07:00,2026-04-24T22:24:39-07:00,2,21
index.js,25,js,17205fca,nmanayilakath-droid,2026-04-24,22:24:39,-07:00,2026-04-24T22:24:39-07:00,2,2
index.js,26,js,17205fca,nmanayilakath-droid,2026-04-24,22:24:39,-07:00,2026-04-24T22:24:39-07:00,3,55
index.js,27,js,17205fca,nmanayilakath-droid,2026-04-24,22:24:39,-07:00,2026-04-24T22:24:39-07:00,3,55
index.js,28,js,17205fca,nmanayilakath-droid,2026-04-24,22:24:39,-07:00,2026-04-24T22:24:39-07:00,3,49
index.js,29,js,17205fca,nmanayilakath-droid,2026-04-24,22:24:39,-07:00,2026-04-24T22:24:39-07:00,3,49
index.js,30,js,17205fca,nmanayilakath-droid,2026-04-24,22:24:39,-07:00,2026-04-24T22:24:39-07:00,2,3
index.js,31,js,17205fca,nmanayilakath-droid,2026-04-24,22:24:39,-07:00,2026-04-24T22:24:39-07:00,1,0
index.js,32,js,17205fca,nmanayilakath-droid,2026-04-24,22:24:39,-07:00,2026-04-24T22:24:39-07:00,0,0
index.html,1,html,88cc02b6,nmanayilakath-droid,2026-04-03,20:32:20,-07:00,2026-04-03T20:32:20-07:00,0,13
index.html,2,html,88cc02b6,nmanayilakath-droid,2026-04-03,20:32:20,-07:00,2026-04-03T20:32:20-07:00,0,14
index.html,3,html,88cc02b6,nmanayilakath-droid,2026-04-03,20:32:20,-07:00,2026-04-03T20:32:20-07:00,0,4
index.html,4,html,88cc02b6,nmanayilakath-droid,2026-04-03,20:32:20,-07:00,2026-04-03T20:32:20-07:00,2,20
index.html,5,html,88cc02b6,nmanayilakath-droid,2026-04-03,20:32:20,-07:00,2026-04-03T20:32:20-07:00,2,68
index.html,6,html,88cc02b6,nmanayilakath-droid,2026-04-03,20:32:20,-07:00,2026-04-03T20:32:20-07:00,2,60
index.html,7,html,35131b76,nmanayilakath-droid,2026-04-03,21:38:12,-07:00,2026-04-03T21:38:12-07:00,0,0
index.html,8,html,35131b76,nmanayilakath-droid,2026-04-03,21:38:12,-07:00,2026-04-03T21:38:12-07:00,2,38
index.html,9,html,c0aa8a8c,nmanayilakath-droid,2026-04-17,20:37:51,-07:00,2026-04-17T20:37:51-07:00,2,47
index.html,10,html,17205fca,nmanayilakath-droid,2026-04-24,22:24:39,-07:00,2026-04-24T22:24:39-07:00,2,50
index.html,11,html,88cc02b6,nmanayilakath-droid,2026-04-03,20:32:20,-07:00,2026-04-03T20:32:20-07:00,0,5
index.html,12,html,88cc02b6,nmanayilakath-droid,2026-04-03,20:32:20,-07:00,2026-04-03T20:32:20-07:00,0,4
index.html,13,html,00000000,Not Committed Yet,2026-05-09,23:30:45,-07:00,2026-05-09T23:30:45-07:00,2,3
index.html,14,html,00000000,Not Committed Yet,2026-05-09,23:30:45,-07:00,2026-05-09T23:30:45-07:00,4,27
index.html,15,html,00000000,Not Committed Yet,2026-05-09,23:30:45,-07:00,2026-05-09T23:30:45-07:00,4,40
index.html,16,html,00000000,Not Committed Yet,2026-05-09,23:30:45,-07:00,2026-05-09T23:30:45-07:00,4,36
index.html,17,html,00000000,Not Committed Yet,2026-05-09,23:30:45,-07:00,2026-05-09T23:30:45-07:00,4,38
index.html,18,html,00000000,Not Committed Yet,2026-05-09,23:30:45,-07:00,2026-05-09T23:30:45-07:00,4,32
index.html,19,html,00000000,Not Committed Yet,2026-05-09,23:30:45,-07:00,2026-05-09T23:30:45-07:00,2,4
index.html,20,html,88cc02b6,nmanayilakath-droid,2026-04-03,20:32:20,-07:00,2026-04-03T20:32:20-07:00,2,25
index.html,21,html,88cc02b6,nmanayilakath-droid,2026-04-03,20:32:20,-07:00,2026-04-03T20:32:20-07:00,2,94
index.html,22,html,35131b76,nmanayilakath-droid,2026-04-03,21:38:12,-07:00,2026-04-03T21:38:12-07:00,0,0
index.html,23,html,d96a1da4,nmanayilakath-droid,2026-04-03,22:23:52,-07:00,2026-04-03T22:23:52-07:00,2,44
index.html,24,html,35131b76,nmanayilakath-droid,2026-04-03,21:38:12,-07:00,2026-04-03T21:38:12-07:00,0,0
index.html,25,html,7b8dce2f,nmanayilakath-droid,2026-04-03,20:55:27,-07:00,2026-04-03T20:55:27-07:00,2,53
index.html,26,html,35131b76,nmanayilakath-droid,2026-04-03,21:38:12,-07:00,2026-04-03T21:38:12-07:00,0,0
index.html,27,html,17205fca,nmanayilakath-droid,2026-04-24,22:24:39,-07:00,2026-04-24T22:24:39-07:00,2,22
index.html,28,html,17205fca,nmanayilakath-droid,2026-04-24,22:24:39,-07:00,2026-04-24T22:24:39-07:00,2,20
index.html,29,html,17205fca,nmanayilakath-droid,2026-04-24,22:24:39,-07:00,2026-04-24T22:24:39-07:00,3,49
index.html,30,html,17205fca,nmanayilakath-droid,2026-04-24,22:24:39,-07:00,2026-04-24T22:24:39-07:00,2,4
index.html,31,html,17205fca,nmanayilakath-droid,2026-04-24,22:24:39,-07:00,2026-04-24T22:24:39-07:00,0,0
index.html,32,html,17205fca,nmanayilakath-droid,2026-04-24,22:24:39,-07:00,2026-04-24T22:24:39-07:00,2,22
index.html,33,html,17205fca,nmanayilakath-droid,2026-04-24,22:24:39,-07:00,2026-04-24T22:24:39-07:00,3,50
index.html,34,html,17205fca,nmanayilakath-droid,2026-04-24,22:24:39,-07:00,2026-04-24T22:24:39-07:00,2,4
index.html,35,html,17205fca,nmanayilakath-droid,2026-04-24,22:24:39,-07:00,2026-04-24T22:24:39-07:00,0,0
index.html,36,html,88cc02b6,nmanayilakath-droid,2026-04-03,20:32:20,-07:00,2026-04-03T20:32:20-07:00,0,5
index.html,37,html,88cc02b6,nmanayilakath-droid,2026-04-03,20:32:20,-07:00,2026-04-03T20:32:20-07:00,0,5
global.js,1,js,c0aa8a8c,nmanayilakath-droid,2026-04-17,20:37:51,-07:00,2026-04-17T20:37:51-07:00,0,25
global.js,2,js,c0aa8a8c,nmanayilakath-droid,2026-04-17,20:37:51,-07:00,2026-04-17T20:37:51-07:00,0,0
global.js,3,js,c0aa8a8c,nmanayilakath-droid,2026-04-17,20:37:51,-07:00,2026-04-17T20:37:51-07:00,0,41
global.js,4,js,c0aa8a8c,nmanayilakath-droid,2026-04-17,20:37:51,-07:00,2026-04-17T20:37:51-07:00,1,52
global.js,5,js,c0aa8a8c,nmanayilakath-droid,2026-04-17,20:37:51,-07:00,2026-04-17T20:37:51-07:00,0,0
global.js,6,js,c0aa8a8c,nmanayilakath-droid,2026-04-17,20:37:51,-07:00,2026-04-17T20:37:51-07:00,0,0
global.js,7,js,c0aa8a8c,nmanayilakath-droid,2026-04-17,20:37:51,-07:00,2026-04-17T20:37:51-07:00,0,11
global.js,8,js,c0aa8a8c,nmanayilakath-droid,2026-04-17,20:37:51,-07:00,2026-04-17T20:37:51-07:00,1,25
global.js,9,js,c0aa8a8c,nmanayilakath-droid,2026-04-17,20:37:51,-07:00,2026-04-17T20:37:51-07:00,1,38
global.js,10,js,c0aa8a8c,nmanayilakath-droid,2026-04-17,20:37:51,-07:00,2026-04-17T20:37:51-07:00,1,36
global.js,11,js,c0aa8a8c,nmanayilakath-droid,2026-04-17,20:37:51,-07:00,2026-04-17T20:37:51-07:00,1,30
global.js,12,js,c0aa8a8c,nmanayilakath-droid,2026-04-17,20:37:51,-07:00,2026-04-17T20:37:51-07:00,1,64
global.js,13,js,c0aa8a8c,nmanayilakath-droid,2026-04-17,20:37:51,-07:00,2026-04-17T20:37:51-07:00,0,0
global.js,14,js,c0aa8a8c,nmanayilakath-droid,2026-04-17,20:37:51,-07:00,2026-04-17T20:37:51-07:00,0,0
global.js,15,js,c0aa8a8c,nmanayilakath-droid,2026-04-17,20:37:51,-07:00,2026-04-17T20:37:51-07:00,0,15
global.js,16,js,c0aa8a8c,nmanayilakath-droid,2026-04-17,20:37:51,-07:00,2026-04-17T20:37:51-07:00,1,68
global.js,17,js,c0aa8a8c,nmanayilakath-droid,2026-04-17,20:37:51,-07:00,2026-04-17T20:37:51-07:00,2,3
global.js,18,js,c0aa8a8c,nmanayilakath-droid,2026-04-17,20:37:51,-07:00,2026-04-17T20:37:51-07:00,2,14
global.js,19,js,c0aa8a8c,nmanayilakath-droid,2026-04-17,20:37:51,-07:00,2026-04-17T20:37:51-07:00,0,0
global.js,20,js,c0aa8a8c,nmanayilakath-droid,2026-04-17,20:37:51,-07:00,2026-04-17T20:37:51-07:00,0,31
global.js,21,js,c0aa8a8c,nmanayilakath-droid,2026-04-17,20:37:51,-07:00,2026-04-17T20:37:51-07:00,1,11
global.js,22,js,c0aa8a8c,nmanayilakath-droid,2026-04-17,20:37:51,-07:00,2026-04-17T20:37:51-07:00,1,0
global.js,23,js,c0aa8a8c,nmanayilakath-droid,2026-04-17,20:37:51,-07:00,2026-04-17T20:37:51-07:00,2,26
global.js,24,js,c0aa8a8c,nmanayilakath-droid,2026-04-17,20:37:51,-07:00,2026-04-17T20:37:51-07:00,3,4
global.js,25,js,c0aa8a8c,nmanayilakath-droid,2026-04-17,20:37:51,-07:00,2026-04-17T20:37:51-07:00,3,6
global.js,26,js,c0aa8a8c,nmanayilakath-droid,2026-04-17,20:37:51,-07:00,2026-04-17T20:37:51-07:00,4,43
global.js,27,js,c0aa8a8c,nmanayilakath-droid,2026-04-17,20:37:51,-07:00,2026-04-17T20:37:51-07:00,4,34
global.js,28,js,c0aa8a8c,nmanayilakath-droid,2026-04-17,20:37:51,-07:00,2026-04-17T20:37:51-07:00,4,32
global.js,29,js,c0aa8a8c,nmanayilakath-droid,2026-04-17,20:37:51,-07:00,2026-04-17T20:37:51-07:00,3,7
global.js,30,js,c0aa8a8c,nmanayilakath-droid,2026-04-17,20:37:51,-07:00,2026-04-17T20:37:51-07:00,2,6
global.js,31,js,c0aa8a8c,nmanayilakath-droid,2026-04-17,20:37:51,-07:00,2026-04-17T20:37:51-07:00,1,0
global.js,32,js,c0aa8a8c,nmanayilakath-droid,2026-04-17,20:37:51,-07:00,2026-04-17T20:37:51-07:00,0,0
global.js,33,js,c0aa8a8c,nmanayilakath-droid,2026-04-17,20:37:51,-07:00,2026-04-17T20:37:51-07:00,0,0
global.js,34,js,c0aa8a8c,nmanayilakath-droid,2026-04-17,20:37:51,-07:00,2026-04-17T20:37:51-07:00,0,38
global.js,35,js,c0aa8a8c,nmanayilakath-droid,2026-04-17,20:37:51,-07:00,2026-04-17T20:37:51-07:00,0,25
global.js,36,js,c0aa8a8c,nmanayilakath-droid,2026-04-17,20:37:51,-07:00,2026-04-17T20:37:51-07:00,0,0
global.js,37,js,c0aa8a8c,nmanayilakath-droid,2026-04-17,20:37:51,-07:00,2026-04-17T20:37:51-07:00,0,20
global.js,38,js,c0aa8a8c,nmanayilakath-droid,2026-04-17,20:37:51,-07:00,2026-04-17T20:37:51-07:00,1,14
global.js,39,js,c0aa8a8c,nmanayilakath-droid,2026-04-17,20:37:51,-07:00,2026-04-17T20:37:51-07:00,1,18
global.js,40,js,c0aa8a8c,nmanayilakath-droid,2026-04-17,20:37:51,-07:00,2026-04-17T20:37:51-07:00,0,0
global.js,41,js,c0aa8a8c,nmanayilakath-droid,2026-04-17,20:37:51,-07:00,2026-04-17T20:37:51-07:00,1,52
global.js,42,js,c0aa8a8c,nmanayilakath-droid,2026-04-17,20:37:51,-07:00,2026-04-17T20:37:51-07:00,0,0
global.js,43,js,c0aa8a8c,nmanayilakath-droid,2026-04-17,20:37:51,-07:00,2026-04-17T20:37:51-07:00,1,34
global.js,44,js,c0aa8a8c,nmanayilakath-droid,2026-04-17,20:37:51,-07:00,2026-04-17T20:37:51-07:00,1,11
global.js,45,js,c0aa8a8c,nmanayilakath-droid,2026-04-17,20:37:51,-07:00,2026-04-17T20:37:51-07:00,1,20
global.js,46,js,c0aa8a8c,nmanayilakath-droid,2026-04-17,20:37:51,-07:00,2026-04-17T20:37:51-07:00,0,0
global.js,47,js,c0aa8a8c,nmanayilakath-droid,2026-04-17,20:37:51,-07:00,2026-04-17T20:37:51-07:00,1,17
global.js,48,js,c0aa8a8c,nmanayilakath-droid,2026-04-17,20:37:51,-07:00,2026-04-17T20:37:51-07:00,2,8
global.js,49,js,c0aa8a8c,nmanayilakath-droid,2026-04-17,20:37:51,-07:00,2026-04-17T20:37:51-07:00,2,25
global.js,50,js,c0aa8a8c,nmanayilakath-droid,2026-04-17,20:37:51,-07:00,2026-04-17T20:37:51-07:00,3,82
global.js,51,js,c0aa8a8c,nmanayilakath-droid,2026-04-17,20:37:51,-07:00,2026-04-17T20:37:51-07:00,1,0
global.js,52,js,c0aa8a8c,nmanayilakath-droid,2026-04-17,20:37:51,-07:00,2026-04-17T20:37:51-07:00,0,0
global.js,53,js,c0aa8a8c,nmanayilakath-droid,2026-04-17,20:37:51,-07:00,2026-04-17T20:37:51-07:00,1,29
global.js,54,js,c0aa8a8c,nmanayilakath-droid,2026-04-17,20:37:51,-07:00,2026-04-17T20:37:51-07:00,2,18
global.js,55,js,c0aa8a8c,nmanayilakath-droid,2026-04-17,20:37:51,-07:00,2026-04-17T20:37:51-07:00,2,28
global.js,56,js,c0aa8a8c,nmanayilakath-droid,2026-04-17,20:37:51,-07:00,2026-04-17T20:37:51-07:00,1,0
global.js,57,js,c0aa8a8c,nmanayilakath-droid,2026-04-17,20:37:51,-07:00,2026-04-17T20:37:51-07:00,0,0
global.js,58,js,c0aa8a8c,nmanayilakath-droid,2026-04-17,20:37:51,-07:00,2026-04-17T20:37:51-07:00,1,12
global.js,59,js,c0aa8a8c,nmanayilakath-droid,2026-04-17,20:37:51,-07:00,2026-04-17T20:37:51-07:00,0,0
global.js,60,js,c0aa8a8c,nmanayilakath-droid,2026-04-17,20:37:51,-07:00,2026-04-17T20:37:51-07:00,0,0
global.js,61,js,c0aa8a8c,nmanayilakath-droid,2026-04-17,20:37:51,-07:00,2026-04-17T20:37:51-07:00,0,58
global.js,62,js,c0aa8a8c,nmanayilakath-droid,2026-04-17,20:37:51,-07:00,2026-04-17T20:37:51-07:00,0,0
global.js,63,js,c0aa8a8c,nmanayilakath-droid,2026-04-17,20:37:51,-07:00,2026-04-17T20:37:51-07:00,0,49
global.js,64,js,c0aa8a8c,nmanayilakath-droid,2026-04-17,20:37:51,-07:00,2026-04-17T20:37:51-07:00,1,77
global.js,65,js,c0aa8a8c,nmanayilakath-droid,2026-04-17,20:37:51,-07:00,2026-04-17T20:37:51-07:00,1,44
global.js,66,js,c0aa8a8c,nmanayilakath-droid,2026-04-17,20:37:51,-07:00,2026-04-17T20:37:51-07:00,0,1
global.js,67,js,c0aa8a8c,nmanayilakath-droid,2026-04-17,20:37:51,-07:00,2026-04-17T20:37:51-07:00,0,0
global.js,68,js,c0aa8a8c,nmanayilakath-droid,2026-04-17,20:37:51,-07:00,2026-04-17T20:37:51-07:00,0,34
global.js,69,js,c0aa8a8c,nmanayilakath-droid,2026-04-17,20:37:51,-07:00,2026-04-17T20:37:51-07:00,1,83
global.js,70,js,c0aa8a8c,nmanayilakath-droid,2026-04-17,20:37:51,-07:00,2026-04-17T20:37:51-07:00,1,38
global.js,71,js,17205fca,nmanayilakath-droid,2026-04-24,22:24:39,-07:00,2026-04-24T22:24:39-07:00,0,0
global.js,72,js,17205fca,nmanayilakath-droid,2026-04-24,22:24:39,-07:00,2026-04-24T22:24:39-07:00,0,0
global.js,73,js,17205fca,nmanayilakath-droid,2026-04-24,22:24:39,-07:00,2026-04-24T22:24:39-07:00,0,36
global.js,74,js,17205fca,nmanayilakath-droid,2026-04-24,22:24:39,-07:00,2026-04-24T22:24:39-07:00,1,3
global.js,75,js,17205fca,nmanayilakath-droid,2026-04-24,22:24:39,-07:00,2026-04-24T22:24:39-07:00,2,39
global.js,76,js,17205fca,nmanayilakath-droid,2026-04-24,22:24:39,-07:00,2026-04-24T22:24:39-07:00,2,32
global.js,77,js,17205fca,nmanayilakath-droid,2026-04-24,22:24:39,-07:00,2026-04-24T22:24:39-07:00,2,0
global.js,78,js,17205fca,nmanayilakath-droid,2026-04-24,22:24:39,-07:00,2026-04-24T22:24:39-07:00,2,17
global.js,79,js,17205fca,nmanayilakath-droid,2026-04-24,22:24:39,-07:00,2026-04-24T22:24:39-07:00,3,66
global.js,80,js,17205fca,nmanayilakath-droid,2026-04-24,22:24:39,-07:00,2026-04-24T22:24:39-07:00,2,0
global.js,81,js,17205fca,nmanayilakath-droid,2026-04-24,22:24:39,-07:00,2026-04-24T22:24:39-07:00,2,0
global.js,82,js,17205fca,nmanayilakath-droid,2026-04-24,22:24:39,-07:00,2026-04-24T22:24:39-07:00,2,33
global.js,83,js,17205fca,nmanayilakath-droid,2026-04-24,22:24:39,-07:00,2026-04-24T22:24:39-07:00,2,10
global.js,84,js,17205fca,nmanayilakath-droid,2026-04-24,22:24:39,-07:00,2026-04-24T22:24:39-07:00,1,15
global.js,85,js,17205fca,nmanayilakath-droid,2026-04-24,22:24:39,-07:00,2026-04-24T22:24:39-07:00,2,59
global.js,86,js,17205fca,nmanayilakath-droid,2026-04-24,22:24:39,-07:00,2026-04-24T22:24:39-07:00,1,0
global.js,87,js,17205fca,nmanayilakath-droid,2026-04-24,22:24:39,-07:00,2026-04-24T22:24:39-07:00,0,0
global.js,88,js,17205fca,nmanayilakath-droid,2026-04-24,22:24:39,-07:00,2026-04-24T22:24:39-07:00,0,0
global.js,89,js,17205fca,nmanayilakath-droid,2026-04-24,22:24:39,-07:00,2026-04-24T22:24:39-07:00,0,79
global.js,90,js,17205fca,nmanayilakath-droid,2026-04-24,22:24:39,-07:00,2026-04-24T22:24:39-07:00,1,20
global.js,91,js,17205fca,nmanayilakath-droid,2026-04-24,22:24:39,-07:00,2026-04-24T22:24:39-07:00,1,30
global.js,92,js,aa762eed,nmanayilakath-droid,2026-05-01,23:09:58,-07:00,2026-05-01T23:09:58-07:00,0,0
global.js,93,js,17205fca,nmanayilakath-droid,2026-04-24,22:24:39,-07:00,2026-04-24T22:24:39-07:00,1,24
global.js,94,js,17205fca,nmanayilakath-droid,2026-04-24,22:24:39,-07:00,2026-04-24T22:24:39-07:00,1,39
global.js,95,js,17205fca,nmanayilakath-droid,2026-04-24,22:24:39,-07:00,2026-04-24T22:24:39-07:00,2,59
global.js,96,js,17205fca,nmanayilakath-droid,2026-04-24,22:24:39,-07:00,2026-04-24T22:24:39-07:00,2,5
global.js,97,js,17205fca,nmanayilakath-droid,2026-04-24,22:24:39,-07:00,2026-04-24T22:24:39-07:00,1,0
global.js,98,js,aa762eed,nmanayilakath-droid,2026-05-01,23:09:58,-07:00,2026-05-01T23:09:58-07:00,0,0
global.js,99,js,17205fca,nmanayilakath-droid,2026-04-24,22:24:39,-07:00,2026-04-24T22:24:39-07:00,1,48
global.js,100,js,17205fca,nmanayilakath-droid,2026-04-24,22:24:39,-07:00,2026-04-24T22:24:39-07:00,1,29
global.js,101,js,17205fca,nmanayilakath-droid,2026-04-24,22:24:39,-07:00,2026-04-24T22:24:39-07:00,2,48
global.js,102,js,aa762eed,nmanayilakath-droid,2026-05-01,23:09:58,-07:00,2026-05-01T23:09:58-07:00,0,0
global.js,103,js,17205fca,nmanayilakath-droid,2026-04-24,22:24:39,-07:00,2026-04-24T22:24:39-07:00,2,19
global.js,104,js,17205fca,nmanayilakath-droid,2026-04-24,22:24:39,-07:00,2026-04-24T22:24:39-07:00,3,49
global.js,105,js,17205fca,nmanayilakath-droid,2026-04-24,22:24:39,-07:00,2026-04-24T22:24:39-07:00,3,49
global.js,106,js,aa762eed,nmanayilakath-droid,2026-05-01,23:09:58,-07:00,2026-05-01T23:09:58-07:00,3,24
global.js,107,js,aa762eed,nmanayilakath-droid,2026-05-01,23:09:58,-07:00,2026-05-01T23:09:58-07:00,4,27
global.js,108,js,aa762eed,nmanayilakath-droid,2026-05-01,23:09:58,-07:00,2026-05-01T23:09:58-07:00,4,33
global.js,109,js,aa762eed,nmanayilakath-droid,2026-05-01,23:09:58,-07:00,2026-05-01T23:09:58-07:00,3,4
global.js,110,js,17205fca,nmanayilakath-droid,2026-04-24,22:24:39,-07:00,2026-04-24T22:24:39-07:00,2,0
global.js,111,js,aa762eed,nmanayilakath-droid,2026-05-01,23:09:58,-07:00,2026-05-01T23:09:58-07:00,0,0
global.js,112,js,17205fca,nmanayilakath-droid,2026-04-24,22:24:39,-07:00,2026-04-24T22:24:39-07:00,2,36
global.js,113,js,17205fca,nmanayilakath-droid,2026-04-24,22:24:39,-07:00,2026-04-24T22:24:39-07:00,1,0
global.js,114,js,17205fca,nmanayilakath-droid,2026-04-24,22:24:39,-07:00,2026-04-24T22:24:39-07:00,0,0
global.js,115,js,17205fca,nmanayilakath-droid,2026-04-24,22:24:39,-07:00,2026-04-24T22:24:39-07:00,0,0
global.js,116,js,17205fca,nmanayilakath-droid,2026-04-24,22:24:39,-07:00,2026-04-24T22:24:39-07:00,0,47
global.js,117,js,17205fca,nmanayilakath-droid,2026-04-24,22:24:39,-07:00,2026-04-24T22:24:39-07:00,1,59
global.js,118,js,c0aa8a8c,nmanayilakath-droid,2026-04-17,20:37:51,-07:00,2026-04-17T20:37:51-07:00,0,0
resume/index.html,1,html,7018a70c,nmanayilakath-droid,2026-04-03,21:50:24,-07:00,2026-04-03T21:50:24-07:00,0,13
resume/index.html,2,html,7018a70c,nmanayilakath-droid,2026-04-03,21:50:24,-07:00,2026-04-03T21:50:24-07:00,0,14
resume/index.html,3,html,7018a70c,nmanayilakath-droid,2026-04-03,21:50:24,-07:00,2026-04-03T21:50:24-07:00,0,4
resume/index.html,4,html,7018a70c,nmanayilakath-droid,2026-04-03,21:50:24,-07:00,2026-04-03T21:50:24-07:00,2,20
resume/index.html,5,html,7018a70c,nmanayilakath-droid,2026-04-03,21:50:24,-07:00,2026-04-03T21:50:24-07:00,2,68
resume/index.html,6,html,7018a70c,nmanayilakath-droid,2026-04-03,21:50:24,-07:00,2026-04-03T21:50:24-07:00,2,40
resume/index.html,7,html,c8ece481,nmanayilakath-droid,2026-04-10,22:26:12,-07:00,2026-04-10T22:26:12-07:00,2,41
resume/index.html,8,html,c0aa8a8c,nmanayilakath-droid,2026-04-17,20:37:51,-07:00,2026-04-17T20:37:51-07:00,2,48
resume/index.html,9,html,7018a70c,nmanayilakath-droid,2026-04-03,21:50:24,-07:00,2026-04-03T21:50:24-07:00,0,5
resume/index.html,10,html,7018a70c,nmanayilakath-droid,2026-04-03,21:50:24,-07:00,2026-04-03T21:50:24-07:00,0,4
resume/index.html,11,html,7018a70c,nmanayilakath-droid,2026-04-03,21:50:24,-07:00,2026-04-03T21:50:24-07:00,0,0
resume/index.html,12,html,c8ece481,nmanayilakath-droid,2026-04-10,22:26:12,-07:00,2026-04-10T22:26:12-07:00,2,18
resume/index.html,13,html,c8ece481,nmanayilakath-droid,2026-04-10,22:26:12,-07:00,2026-04-10T22:26:12-07:00,4,25
resume/index.html,14,html,c8ece481,nmanayilakath-droid,2026-04-10,22:26:12,-07:00,2026-04-10T22:26:12-07:00,4,1
resume/index.html,15,html,c8ece481,nmanayilakath-droid,2026-04-10,22:26:12,-07:00,2026-04-10T22:26:12-07:00,6,66
resume/index.html,16,html,c0aa8a8c,nmanayilakath-droid,2026-04-17,20:37:51,-07:00,2026-04-17T20:37:51-07:00,6,10
resume/index.html,17,html,c8ece481,nmanayilakath-droid,2026-04-10,22:26:12,-07:00,2026-04-10T22:26:12-07:00,6,120
resume/index.html,18,html,c8ece481,nmanayilakath-droid,2026-04-10,22:26:12,-07:00,2026-04-10T22:26:12-07:00,4,2
resume/index.html,19,html,7018a70c,nmanayilakath-droid,2026-04-03,21:50:24,-07:00,2026-04-03T21:50:24-07:00,0,0
resume/index.html,20,html,c8ece481,nmanayilakath-droid,2026-04-10,22:26:12,-07:00,2026-04-10T22:26:12-07:00,4,7
resume/index.html,21,html,c8ece481,nmanayilakath-droid,2026-04-10,22:26:12,-07:00,2026-04-10T22:26:12-07:00,6,16
resume/index.html,22,html,c8ece481,nmanayilakath-droid,2026-04-10,22:26:12,-07:00,2026-04-10T22:26:12-07:00,6,7
resume/index.html,23,html,c8ece481,nmanayilakath-droid,2026-04-10,22:26:12,-07:00,2026-04-10T22:26:12-07:00,8,6
resume/index.html,24,html,c8ece481,nmanayilakath-droid,2026-04-10,22:26:12,-07:00,2026-04-10T22:26:12-07:00,10,42
resume/index.html,25,html,c8ece481,nmanayilakath-droid,2026-04-10,22:26:12,-07:00,2026-04-10T22:26:12-07:00,10,89
resume/index.html,26,html,c8ece481,nmanayilakath-droid,2026-04-10,22:26:12,-07:00,2026-04-10T22:26:12-07:00,8,7
resume/index.html,27,html,c8ece481,nmanayilakath-droid,2026-04-10,22:26:12,-07:00,2026-04-10T22:26:12-07:00,8,76
resume/index.html,28,html,c8ece481,nmanayilakath-droid,2026-04-10,22:26:12,-07:00,2026-04-10T22:26:12-07:00,8,129
resume/index.html,29,html,c8ece481,nmanayilakath-droid,2026-04-10,22:26:12,-07:00,2026-04-10T22:26:12-07:00,8,1
resume/index.html,30,html,c8ece481,nmanayilakath-droid,2026-04-10,22:26:12,-07:00,2026-04-10T22:26:12-07:00,10,85
resume/index.html,31,html,c8ece481,nmanayilakath-droid,2026-04-10,22:26:12,-07:00,2026-04-10T22:26:12-07:00,10,91
resume/index.html,32,html,c8ece481,nmanayilakath-droid,2026-04-10,22:26:12,-07:00,2026-04-10T22:26:12-07:00,10,56
resume/index.html,33,html,c8ece481,nmanayilakath-droid,2026-04-10,22:26:12,-07:00,2026-04-10T22:26:12-07:00,8,2
resume/index.html,34,html,c8ece481,nmanayilakath-droid,2026-04-10,22:26:12,-07:00,2026-04-10T22:26:12-07:00,6,8
resume/index.html,35,html,c8ece481,nmanayilakath-droid,2026-04-10,22:26:12,-07:00,2026-04-10T22:26:12-07:00,4,8
resume/index.html,36,html,7018a70c,nmanayilakath-droid,2026-04-03,21:50:24,-07:00,2026-04-03T21:50:24-07:00,0,0
resume/index.html,37,html,c8ece481,nmanayilakath-droid,2026-04-10,22:26:12,-07:00,2026-04-10T22:26:12-07:00,4,7
resume/index.html,38,html,c8ece481,nmanayilakath-droid,2026-04-10,22:26:12,-07:00,2026-04-10T22:26:12-07:00,6,51
resume/index.html,39,html,7018a70c,nmanayilakath-droid,2026-04-03,21:50:24,-07:00,2026-04-03T21:50:24-07:00,0,0
resume/index.html,40,html,c8ece481,nmanayilakath-droid,2026-04-10,22:26:12,-07:00,2026-04-10T22:26:12-07:00,6,7
resume/index.html,41,html,c8ece481,nmanayilakath-droid,2026-04-10,22:26:12,-07:00,2026-04-10T22:26:12-07:00,8,6
resume/index.html,42,html,c8ece481,nmanayilakath-droid,2026-04-10,22:26:12,-07:00,2026-04-10T22:26:12-07:00,10,39
resume/index.html,43,html,c8ece481,nmanayilakath-droid,2026-04-10,22:26:12,-07:00,2026-04-10T22:26:12-07:00,10,110
resume/index.html,44,html,c8ece481,nmanayilakath-droid,2026-04-10,22:26:12,-07:00,2026-04-10T22:26:12-07:00,8,7
resume/index.html,45,html,c8ece481,nmanayilakath-droid,2026-04-10,22:26:12,-07:00,2026-04-10T22:26:12-07:00,8,2
resume/index.html,46,html,c8ece481,nmanayilakath-droid,2026-04-10,22:26:12,-07:00,2026-04-10T22:26:12-07:00,10,183
resume/index.html,47,html,c8ece481,nmanayilakath-droid,2026-04-10,22:26:12,-07:00,2026-04-10T22:26:12-07:00,10,175
resume/index.html,48,html,c8ece481,nmanayilakath-droid,2026-04-10,22:26:12,-07:00,2026-04-10T22:26:12-07:00,10,135
resume/index.html,49,html,c8ece481,nmanayilakath-droid,2026-04-10,22:26:12,-07:00,2026-04-10T22:26:12-07:00,10,130
resume/index.html,50,html,c8ece481,nmanayilakath-droid,2026-04-10,22:26:12,-07:00,2026-04-10T22:26:12-07:00,8,3
resume/index.html,51,html,c8ece481,nmanayilakath-droid,2026-04-10,22:26:12,-07:00,2026-04-10T22:26:12-07:00,6,8
resume/index.html,52,html,7018a70c,nmanayilakath-droid,2026-04-03,21:50:24,-07:00,2026-04-03T21:50:24-07:00,0,0
resume/index.html,53,html,c8ece481,nmanayilakath-droid,2026-04-10,22:26:12,-07:00,2026-04-10T22:26:12-07:00,6,7
resume/index.html,54,html,c8ece481,nmanayilakath-droid,2026-04-10,22:26:12,-07:00,2026-04-10T22:26:12-07:00,8,6
resume/index.html,55,html,c8ece481,nmanayilakath-droid,2026-04-10,22:26:12,-07:00,2026-04-10T22:26:12-07:00,10,29
resume/index.html,56,html,c8ece481,nmanayilakath-droid,2026-04-10,22:26:12,-07:00,2026-04-10T22:26:12-07:00,10,150
resume/index.html,57,html,c8ece481,nmanayilakath-droid,2026-04-10,22:26:12,-07:00,2026-04-10T22:26:12-07:00,8,7
resume/index.html,58,html,c8ece481,nmanayilakath-droid,2026-04-10,22:26:12,-07:00,2026-04-10T22:26:12-07:00,8,2
resume/index.html,59,html,c8ece481,nmanayilakath-droid,2026-04-10,22:26:12,-07:00,2026-04-10T22:26:12-07:00,10,202
resume/index.html,60,html,c8ece481,nmanayilakath-droid,2026-04-10,22:26:12,-07:00,2026-04-10T22:26:12-07:00,10,94
resume/index.html,61,html,c8ece481,nmanayilakath-droid,2026-04-10,22:26:12,-07:00,2026-04-10T22:26:12-07:00,10,175
resume/index.html,62,html,c8ece481,nmanayilakath-droid,2026-04-10,22:26:12,-07:00,2026-04-10T22:26:12-07:00,8,3
resume/index.html,63,html,c8ece481,nmanayilakath-droid,2026-04-10,22:26:12,-07:00,2026-04-10T22:26:12-07:00,6,8
resume/index.html,64,html,c8ece481,nmanayilakath-droid,2026-04-10,22:26:12,-07:00,2026-04-10T22:26:12-07:00,4,8
resume/index.html,65,html,7018a70c,nmanayilakath-droid,2026-04-03,21:50:24,-07:00,2026-04-03T21:50:24-07:00,0,0
resume/index.html,66,html,c8ece481,nmanayilakath-droid,2026-04-10,22:26:12,-07:00,2026-04-10T22:26:12-07:00,4,7
resume/index.html,67,html,c8ece481,nmanayilakath-droid,2026-04-10,22:26:12,-07:00,2026-04-10T22:26:12-07:00,6,30
resume/index.html,68,html,7018a70c,nmanayilakath-droid,2026-04-03,21:50:24,-07:00,2026-04-03T21:50:24-07:00,0,0
resume/index.html,69,html,c8ece481,nmanayilakath-droid,2026-04-10,22:26:12,-07:00,2026-04-10T22:26:12-07:00,6,7
resume/index.html,70,html,c8ece481,nmanayilakath-droid,2026-04-10,22:26:12,-07:00,2026-04-10T22:26:12-07:00,8,6
resume/index.html,71,html,c8ece481,nmanayilakath-droid,2026-04-10,22:26:12,-07:00,2026-04-10T22:26:12-07:00,10,82
resume/index.html,72,html,c8ece481,nmanayilakath-droid,2026-04-10,22:26:12,-07:00,2026-04-10T22:26:12-07:00,8,7
resume/index.html,73,html,c8ece481,nmanayilakath-droid,2026-04-10,22:26:12,-07:00,2026-04-10T22:26:12-07:00,8,2
resume/index.html,74,html,c8ece481,nmanayilakath-droid,2026-04-10,22:26:12,-07:00,2026-04-10T22:26:12-07:00,10,132
resume/index.html,75,html,c8ece481,nmanayilakath-droid,2026-04-10,22:26:12,-07:00,2026-04-10T22:26:12-07:00,10,191
resume/index.html,76,html,c8ece481,nmanayilakath-droid,2026-04-10,22:26:12,-07:00,2026-04-10T22:26:12-07:00,10,156
resume/index.html,77,html,c8ece481,nmanayilakath-droid,2026-04-10,22:26:12,-07:00,2026-04-10T22:26:12-07:00,8,3
resume/index.html,78,html,c8ece481,nmanayilakath-droid,2026-04-10,22:26:12,-07:00,2026-04-10T22:26:12-07:00,6,8
resume/index.html,79,html,7018a70c,nmanayilakath-droid,2026-04-03,21:50:24,-07:00,2026-04-03T21:50:24-07:00,0,0
resume/index.html,80,html,c8ece481,nmanayilakath-droid,2026-04-10,22:26:12,-07:00,2026-04-10T22:26:12-07:00,6,7
resume/index.html,81,html,c8ece481,nmanayilakath-droid,2026-04-10,22:26:12,-07:00,2026-04-10T22:26:12-07:00,8,6
resume/index.html,82,html,c8ece481,nmanayilakath-droid,2026-04-10,22:26:12,-07:00,2026-04-10T22:26:12-07:00,10,45
resume/index.html,83,html,c8ece481,nmanayilakath-droid,2026-04-10,22:26:12,-07:00,2026-04-10T22:26:12-07:00,10,49
resume/index.html,84,html,c8ece481,nmanayilakath-droid,2026-04-10,22:26:12,-07:00,2026-04-10T22:26:12-07:00,8,7
resume/index.html,85,html,c8ece481,nmanayilakath-droid,2026-04-10,22:26:12,-07:00,2026-04-10T22:26:12-07:00,8,2
resume/index.html,86,html,c8ece481,nmanayilakath-droid,2026-04-10,22:26:12,-07:00,2026-04-10T22:26:12-07:00,10,108
resume/index.html,87,html,c8ece481,nmanayilakath-droid,2026-04-10,22:26:12,-07:00,2026-04-10T22:26:12-07:00,10,99
resume/index.html,88,html,c8ece481,nmanayilakath-droid,2026-04-10,22:26:12,-07:00,2026-04-10T22:26:12-07:00,8,3
resume/index.html,89,html,c8ece481,nmanayilakath-droid,2026-04-10,22:26:12,-07:00,2026-04-10T22:26:12-07:00,6,8
resume/index.html,90,html,7018a70c,nmanayilakath-droid,2026-04-03,21:50:24,-07:00,2026-04-03T21:50:24-07:00,0,0
resume/index.html,91,html,c8ece481,nmanayilakath-droid,2026-04-10,22:26:12,-07:00,2026-04-10T22:26:12-07:00,6,7
resume/index.html,92,html,c8ece481,nmanayilakath-droid,2026-04-10,22:26:12,-07:00,2026-04-10T22:26:12-07:00,8,6
resume/index.html,93,html,c8ece481,nmanayilakath-droid,2026-04-10,22:26:12,-07:00,2026-04-10T22:26:12-07:00,10,51
resume/index.html,94,html,c8ece481,nmanayilakath-droid,2026-04-10,22:26:12,-07:00,2026-04-10T22:26:12-07:00,8,7
resume/index.html,95,html,c8ece481,nmanayilakath-droid,2026-04-10,22:26:12,-07:00,2026-04-10T22:26:12-07:00,8,2
resume/index.html,96,html,c8ece481,nmanayilakath-droid,2026-04-10,22:26:12,-07:00,2026-04-10T22:26:12-07:00,10,167
resume/index.html,97,html,c8ece481,nmanayilakath-droid,2026-04-10,22:26:12,-07:00,2026-04-10T22:26:12-07:00,8,3
resume/index.html,98,html,c8ece481,nmanayilakath-droid,2026-04-10,22:26:12,-07:00,2026-04-10T22:26:12-07:00,6,8
resume/index.html,99,html,c8ece481,nmanayilakath-droid,2026-04-10,22:26:12,-07:00,2026-04-10T22:26:12-07:00,4,8
resume/index.html,100,html,7018a70c,nmanayilakath-droid,2026-04-03,21:50:24,-07:00,2026-04-03T21:50:24-07:00,0,0
resume/index.html,101,html,c8ece481,nmanayilakath-droid,2026-04-10,22:26:12,-07:00,2026-04-10T22:26:12-07:00,4,7
resume/index.html,102,html,c8ece481,nmanayilakath-droid,2026-04-10,22:26:12,-07:00,2026-04-10T22:26:12-07:00,6,35
resume/index.html,103,html,7018a70c,nmanayilakath-droid,2026-04-03,21:50:24,-07:00,2026-04-03T21:50:24-07:00,0,0
resume/index.html,104,html,c8ece481,nmanayilakath-droid,2026-04-10,22:26:12,-07:00,2026-04-10T22:26:12-07:00,6,7
resume/index.html,105,html,c8ece481,nmanayilakath-droid,2026-04-10,22:26:12,-07:00,2026-04-10T22:26:12-07:00,8,6
resume/index.html,106,html,c8ece481,nmanayilakath-droid,2026-04-10,22:26:12,-07:00,2026-04-10T22:26:12-07:00,10,30
resume/index.html,107,html,c8ece481,nmanayilakath-droid,2026-04-10,22:26:12,-07:00,2026-04-10T22:26:12-07:00,10,131
resume/index.html,108,html,c8ece481,nmanayilakath-droid,2026-04-10,22:26:12,-07:00,2026-04-10T22:26:12-07:00,8,7
resume/index.html,109,html,c8ece481,nmanayilakath-droid,2026-04-10,22:26:12,-07:00,2026-04-10T22:26:12-07:00,8,2
resume/index.html,110,html,c8ece481,nmanayilakath-droid,2026-04-10,22:26:12,-07:00,2026-04-10T22:26:12-07:00,10,126
resume/index.html,111,html,c8ece481,nmanayilakath-droid,2026-04-10,22:26:12,-07:00,2026-04-10T22:26:12-07:00,10,103
resume/index.html,112,html,c8ece481,nmanayilakath-droid,2026-04-10,22:26:12,-07:00,2026-04-10T22:26:12-07:00,8,3
resume/index.html,113,html,c8ece481,nmanayilakath-droid,2026-04-10,22:26:12,-07:00,2026-04-10T22:26:12-07:00,6,8
resume/index.html,114,html,7018a70c,nmanayilakath-droid,2026-04-03,21:50:24,-07:00,2026-04-03T21:50:24-07:00,0,0
resume/index.html,115,html,c8ece481,nmanayilakath-droid,2026-04-10,22:26:12,-07:00,2026-04-10T22:26:12-07:00,6,7
resume/index.html,116,html,c8ece481,nmanayilakath-droid,2026-04-10,22:26:12,-07:00,2026-04-10T22:26:12-07:00,8,6
resume/index.html,117,html,c8ece481,nmanayilakath-droid,2026-04-10,22:26:12,-07:00,2026-04-10T22:26:12-07:00,10,21
resume/index.html,118,html,c8ece481,nmanayilakath-droid,2026-04-10,22:26:12,-07:00,2026-04-10T22:26:12-07:00,10,157
resume/index.html,119,html,c8ece481,nmanayilakath-droid,2026-04-10,22:26:12,-07:00,2026-04-10T22:26:12-07:00,8,7
resume/index.html,120,html,c8ece481,nmanayilakath-droid,2026-04-10,22:26:12,-07:00,2026-04-10T22:26:12-07:00,8,2
resume/index.html,121,html,c8ece481,nmanayilakath-droid,2026-04-10,22:26:12,-07:00,2026-04-10T22:26:12-07:00,10,114
resume/index.html,122,html,c8ece481,nmanayilakath-droid,2026-04-10,22:26:12,-07:00,2026-04-10T22:26:12-07:00,10,130
resume/index.html,123,html,c8ece481,nmanayilakath-droid,2026-04-10,22:26:12,-07:00,2026-04-10T22:26:12-07:00,8,3
resume/index.html,124,html,c8ece481,nmanayilakath-droid,2026-04-10,22:26:12,-07:00,2026-04-10T22:26:12-07:00,6,8
resume/index.html,125,html,7018a70c,nmanayilakath-droid,2026-04-03,21:50:24,-07:00,2026-04-03T21:50:24-07:00,0,0
resume/index.html,126,html,c8ece481,nmanayilakath-droid,2026-04-10,22:26:12,-07:00,2026-04-10T22:26:12-07:00,6,7
resume/index.html,127,html,c8ece481,nmanayilakath-droid,2026-04-10,22:26:12,-07:00,2026-04-10T22:26:12-07:00,8,6
resume/index.html,128,html,c8ece481,nmanayilakath-droid,2026-04-10,22:26:12,-07:00,2026-04-10T22:26:12-07:00,10,17
resume/index.html,129,html,c8ece481,nmanayilakath-droid,2026-04-10,22:26:12,-07:00,2026-04-10T22:26:12-07:00,10,140
resume/index.html,130,html,c8ece481,nmanayilakath-droid,2026-04-10,22:26:12,-07:00,2026-04-10T22:26:12-07:00,8,7
resume/index.html,131,html,c8ece481,nmanayilakath-droid,2026-04-10,22:26:12,-07:00,2026-04-10T22:26:12-07:00,8,2
resume/index.html,132,html,c8ece481,nmanayilakath-droid,2026-04-10,22:26:12,-07:00,2026-04-10T22:26:12-07:00,10,125
resume/index.html,133,html,c8ece481,nmanayilakath-droid,2026-04-10,22:26:12,-07:00,2026-04-10T22:26:12-07:00,10,81
resume/index.html,134,html,c8ece481,nmanayilakath-droid,2026-04-10,22:26:12,-07:00,2026-04-10T22:26:12-07:00,8,3
resume/index.html,135,html,c8ece481,nmanayilakath-droid,2026-04-10,22:26:12,-07:00,2026-04-10T22:26:12-07:00,6,8
resume/index.html,136,html,c8ece481,nmanayilakath-droid,2026-04-10,22:26:12,-07:00,2026-04-10T22:26:12-07:00,4,8
resume/index.html,137,html,c8ece481,nmanayilakath-droid,2026-04-10,22:26:12,-07:00,2026-04-10T22:26:12-07:00,0,0
resume/index.html,138,html,c8ece481,nmanayilakath-droid,2026-04-10,22:26:12,-07:00,2026-04-10T22:26:12-07:00,4,7
resume/index.html,139,html,c8ece481,nmanayilakath-droid,2026-04-10,22:26:12,-07:00,2026-04-10T22:26:12-07:00,6,27
resume/index.html,140,html,7018a70c,nmanayilakath-droid,2026-04-03,21:50:24,-07:00,2026-04-03T21:50:24-07:00,6,2
resume/index.html,141,html,c8ece481,nmanayilakath-droid,2026-04-10,22:26:12,-07:00,2026-04-10T22:26:12-07:00,8,145
resume/index.html,142,html,c8ece481,nmanayilakath-droid,2026-04-10,22:26:12,-07:00,2026-04-10T22:26:12-07:00,8,147
resume/index.html,143,html,c8ece481,nmanayilakath-droid,2026-04-10,22:26:12,-07:00,2026-04-10T22:26:12-07:00,8,135
resume/index.html,144,html,c8ece481,nmanayilakath-droid,2026-04-10,22:26:12,-07:00,2026-04-10T22:26:12-07:00,8,139
resume/index.html,145,html,c8ece481,nmanayilakath-droid,2026-04-10,22:26:12,-07:00,2026-04-10T22:26:12-07:00,8,113
resume/index.html,146,html,7018a70c,nmanayilakath-droid,2026-04-03,21:50:24,-07:00,2026-04-03T21:50:24-07:00,6,3
resume/index.html,147,html,c8ece481,nmanayilakath-droid,2026-04-10,22:26:12,-07:00,2026-04-10T22:26:12-07:00,4,8
resume/index.html,148,html,c8ece481,nmanayilakath-droid,2026-04-10,22:26:12,-07:00,2026-04-10T22:26:12-07:00,2,4
resume/index.html,149,html,7018a70c,nmanayilakath-droid,2026-04-03,21:50:24,-07:00,2026-04-03T21:50:24-07:00,0,5
resume/index.html,150,html,7018a70c,nmanayilakath-droid,2026-04-03,21:50:24,-07:00,2026-04-03T21:50:24-07:00,0,5
projects/projects.js,1,js,aa762eed,nmanayilakath-droid,2026-05-01,23:09:58,-07:00,2026-05-01T23:09:58-07:00,0,63
projects/projects.js,2,js,17205fca,nmanayilakath-droid,2026-04-24,22:24:39,-07:00,2026-04-24T22:24:39-07:00,0,55
projects/projects.js,3,js,17205fca,nmanayilakath-droid,2026-04-24,22:24:39,-07:00,2026-04-24T22:24:39-07:00,0,0
projects/projects.js,4,js,17205fca,nmanayilakath-droid,2026-04-24,22:24:39,-07:00,2026-04-24T22:24:39-07:00,0,55
projects/projects.js,5,js,17205fca,nmanayilakath-droid,2026-04-24,22:24:39,-07:00,2026-04-24T22:24:39-07:00,0,60
projects/projects.js,6,js,aa762eed,nmanayilakath-droid,2026-05-01,23:09:58,-07:00,2026-05-01T23:09:58-07:00,0,62
projects/projects.js,7,js,aa762eed,nmanayilakath-droid,2026-05-01,23:09:58,-07:00,2026-05-01T23:09:58-07:00,0,55
projects/projects.js,8,js,aa762eed,nmanayilakath-droid,2026-05-01,23:09:58,-07:00,2026-05-01T23:09:58-07:00,0,42
projects/projects.js,9,js,aa762eed,nmanayilakath-droid,2026-05-01,23:09:58,-07:00,2026-05-01T23:09:58-07:00,0,34
projects/projects.js,10,js,17205fca,nmanayilakath-droid,2026-04-24,22:24:39,-07:00,2026-04-24T22:24:39-07:00,0,0
projects/projects.js,11,js,aa762eed,nmanayilakath-droid,2026-05-01,23:09:58,-07:00,2026-05-01T23:09:58-07:00,0,13
projects/projects.js,12,js,aa762eed,nmanayilakath-droid,2026-05-01,23:09:58,-07:00,2026-05-01T23:09:58-07:00,0,22
projects/projects.js,13,js,17205fca,nmanayilakath-droid,2026-04-24,22:24:39,-07:00,2026-04-24T22:24:39-07:00,0,0
projects/projects.js,14,js,aa762eed,nmanayilakath-droid,2026-05-01,23:09:58,-07:00,2026-05-01T23:09:58-07:00,0,30
projects/projects.js,15,js,aa762eed,nmanayilakath-droid,2026-05-01,23:09:58,-07:00,2026-05-01T23:09:58-07:00,1,32
projects/projects.js,16,js,aa762eed,nmanayilakath-droid,2026-05-01,23:09:58,-07:00,2026-05-01T23:09:58-07:00,0,0
projects/projects.js,17,js,aa762eed,nmanayilakath-droid,2026-05-01,23:09:58,-07:00,2026-05-01T23:09:58-07:00,0,0
projects/projects.js,18,js,aa762eed,nmanayilakath-droid,2026-05-01,23:09:58,-07:00,2026-05-01T23:09:58-07:00,0,42
projects/projects.js,19,js,aa762eed,nmanayilakath-droid,2026-05-01,23:09:58,-07:00,2026-05-01T23:09:58-07:00,1,27
projects/projects.js,20,js,aa762eed,nmanayilakath-droid,2026-05-01,23:09:58,-07:00,2026-05-01T23:09:58-07:00,1,61
projects/projects.js,21,js,aa762eed,nmanayilakath-droid,2026-05-01,23:09:58,-07:00,2026-05-01T23:09:58-07:00,1,33
projects/projects.js,22,js,aa762eed,nmanayilakath-droid,2026-05-01,23:09:58,-07:00,2026-05-01T23:09:58-07:00,0,0
projects/projects.js,23,js,aa762eed,nmanayilakath-droid,2026-05-01,23:09:58,-07:00,2026-05-01T23:09:58-07:00,0,0
projects/projects.js,24,js,aa762eed,nmanayilakath-droid,2026-05-01,23:09:58,-07:00,2026-05-01T23:09:58-07:00,0,30
projects/projects.js,25,js,aa762eed,nmanayilakath-droid,2026-05-01,23:09:58,-07:00,2026-05-01T23:09:58-07:00,1,13
projects/projects.js,26,js,aa762eed,nmanayilakath-droid,2026-05-01,23:09:58,-07:00,2026-05-01T23:09:58-07:00,2,64
projects/projects.js,27,js,aa762eed,nmanayilakath-droid,2026-05-01,23:09:58,-07:00,2026-05-01T23:09:58-07:00,2,74
projects/projects.js,28,js,aa762eed,nmanayilakath-droid,2026-05-01,23:09:58,-07:00,2026-05-01T23:09:58-07:00,0,0
projects/projects.js,29,js,aa762eed,nmanayilakath-droid,2026-05-01,23:09:58,-07:00,2026-05-01T23:09:58-07:00,0,0
projects/projects.js,30,js,aa762eed,nmanayilakath-droid,2026-05-01,23:09:58,-07:00,2026-05-01T23:09:58-07:00,0,46
projects/projects.js,31,js,aa762eed,nmanayilakath-droid,2026-05-01,23:09:58,-07:00,2026-05-01T23:09:58-07:00,1,18
projects/projects.js,32,js,aa762eed,nmanayilakath-droid,2026-05-01,23:09:58,-07:00,2026-05-01T23:09:58-07:00,2,66
projects/projects.js,33,js,aa762eed,nmanayilakath-droid,2026-05-01,23:09:58,-07:00,2026-05-01T23:09:58-07:00,1,0
projects/projects.js,34,js,aa762eed,nmanayilakath-droid,2026-05-01,23:09:58,-07:00,2026-05-01T23:09:58-07:00,0,0
projects/projects.js,35,js,aa762eed,nmanayilakath-droid,2026-05-01,23:09:58,-07:00,2026-05-01T23:09:58-07:00,0,0
projects/projects.js,36,js,aa762eed,nmanayilakath-droid,2026-05-01,23:09:58,-07:00,2026-05-01T23:09:58-07:00,0,38
projects/projects.js,37,js,aa762eed,nmanayilakath-droid,2026-05-01,23:09:58,-07:00,2026-05-01T23:09:58-07:00,1,37
projects/projects.js,38,js,aa762eed,nmanayilakath-droid,2026-05-01,23:09:58,-07:00,2026-05-01T23:09:58-07:00,0,0
projects/projects.js,39,js,aa762eed,nmanayilakath-droid,2026-05-01,23:09:58,-07:00,2026-05-01T23:09:58-07:00,1,55
projects/projects.js,40,js,aa762eed,nmanayilakath-droid,2026-05-01,23:09:58,-07:00,2026-05-01T23:09:58-07:00,2,26
projects/projects.js,41,js,aa762eed,nmanayilakath-droid,2026-05-01,23:09:58,-07:00,2026-05-01T23:09:58-07:00,2,29
projects/projects.js,42,js,aa762eed,nmanayilakath-droid,2026-05-01,23:09:58,-07:00,2026-05-01T23:09:58-07:00,2,5
projects/projects.js,43,js,aa762eed,nmanayilakath-droid,2026-05-01,23:09:58,-07:00,2026-05-01T23:09:58-07:00,1,0
projects/projects.js,44,js,aa762eed,nmanayilakath-droid,2026-05-01,23:09:58,-07:00,2026-05-01T23:09:58-07:00,0,0
projects/projects.js,45,js,aa762eed,nmanayilakath-droid,2026-05-01,23:09:58,-07:00,2026-05-01T23:09:58-07:00,1,19
projects/projects.js,46,js,aa762eed,nmanayilakath-droid,2026-05-01,23:09:58,-07:00,2026-05-01T23:09:58-07:00,2,56
projects/projects.js,47,js,aa762eed,nmanayilakath-droid,2026-05-01,23:09:58,-07:00,2026-05-01T23:09:58-07:00,2,40
projects/projects.js,48,js,aa762eed,nmanayilakath-droid,2026-05-01,23:09:58,-07:00,2026-05-01T23:09:58-07:00,0,0
projects/projects.js,49,js,aa762eed,nmanayilakath-droid,2026-05-01,23:09:58,-07:00,2026-05-01T23:09:58-07:00,1,78
projects/projects.js,50,js,aa762eed,nmanayilakath-droid,2026-05-01,23:09:58,-07:00,2026-05-01T23:09:58-07:00,0,0
projects/projects.js,51,js,aa762eed,nmanayilakath-droid,2026-05-01,23:09:58,-07:00,2026-05-01T23:09:58-07:00,1,49
projects/projects.js,52,js,aa762eed,nmanayilakath-droid,2026-05-01,23:09:58,-07:00,2026-05-01T23:09:58-07:00,1,59
projects/projects.js,53,js,aa762eed,nmanayilakath-droid,2026-05-01,23:09:58,-07:00,2026-05-01T23:09:58-07:00,1,63
projects/projects.js,54,js,aa762eed,nmanayilakath-droid,2026-05-01,23:09:58,-07:00,2026-05-01T23:09:58-07:00,1,32
projects/projects.js,55,js,aa762eed,nmanayilakath-droid,2026-05-01,23:09:58,-07:00,2026-05-01T23:09:58-07:00,0,0
projects/projects.js,56,js,aa762eed,nmanayilakath-droid,2026-05-01,23:09:58,-07:00,2026-05-01T23:09:58-07:00,1,36
projects/projects.js,57,js,aa762eed,nmanayilakath-droid,2026-05-01,23:09:58,-07:00,2026-05-01T23:09:58-07:00,2,8
projects/projects.js,58,js,aa762eed,nmanayilakath-droid,2026-05-01,23:09:58,-07:00,2026-05-01T23:09:58-07:00,3,3
projects/projects.js,59,js,aa762eed,nmanayilakath-droid,2026-05-01,23:09:58,-07:00,2026-05-01T23:09:58-07:00,4,13
projects/projects.js,60,js,aa762eed,nmanayilakath-droid,2026-05-01,23:09:58,-07:00,2026-05-01T23:09:58-07:00,4,22
projects/projects.js,61,js,aa762eed,nmanayilakath-droid,2026-05-01,23:09:58,-07:00,2026-05-01T23:09:58-07:00,4,22
projects/projects.js,62,js,aa762eed,nmanayilakath-droid,2026-05-01,23:09:58,-07:00,2026-05-01T23:09:58-07:00,4,22
projects/projects.js,63,js,aa762eed,nmanayilakath-droid,2026-05-01,23:09:58,-07:00,2026-05-01T23:09:58-07:00,4,24
projects/projects.js,64,js,aa762eed,nmanayilakath-droid,2026-05-01,23:09:58,-07:00,2026-05-01T23:09:58-07:00,4,32
projects/projects.js,65,js,aa762eed,nmanayilakath-droid,2026-05-01,23:09:58,-07:00,2026-05-01T23:09:58-07:00,4,56
projects/projects.js,66,js,aa762eed,nmanayilakath-droid,2026-05-01,23:09:58,-07:00,2026-05-01T23:09:58-07:00,4,22
projects/projects.js,67,js,aa762eed,nmanayilakath-droid,2026-05-01,23:09:58,-07:00,2026-05-01T23:09:58-07:00,5,65
projects/projects.js,68,js,aa762eed,nmanayilakath-droid,2026-05-01,23:09:58,-07:00,2026-05-01T23:09:58-07:00,5,11
projects/projects.js,69,js,aa762eed,nmanayilakath-droid,2026-05-01,23:09:58,-07:00,2026-05-01T23:09:58-07:00,4,1
projects/projects.js,70,js,aa762eed,nmanayilakath-droid,2026-05-01,23:09:58,-07:00,2026-05-01T23:09:58-07:00,2,9
projects/projects.js,71,js,aa762eed,nmanayilakath-droid,2026-05-01,23:09:58,-07:00,2026-05-01T23:09:58-07:00,3,4
projects/projects.js,72,js,aa762eed,nmanayilakath-droid,2026-05-01,23:09:58,-07:00,2026-05-01T23:09:58-07:00,4,22
projects/projects.js,73,js,aa762eed,nmanayilakath-droid,2026-05-01,23:09:58,-07:00,2026-05-01T23:09:58-07:00,4,32
projects/projects.js,74,js,aa762eed,nmanayilakath-droid,2026-05-01,23:09:58,-07:00,2026-05-01T23:09:58-07:00,4,57
projects/projects.js,75,js,aa762eed,nmanayilakath-droid,2026-05-01,23:09:58,-07:00,2026-05-01T23:09:58-07:00,2,21
projects/projects.js,76,js,aa762eed,nmanayilakath-droid,2026-05-01,23:09:58,-07:00,2026-05-01T23:09:58-07:00,1,0
projects/projects.js,77,js,aa762eed,nmanayilakath-droid,2026-05-01,23:09:58,-07:00,2026-05-01T23:09:58-07:00,0,0
projects/projects.js,78,js,aa762eed,nmanayilakath-droid,2026-05-01,23:09:58,-07:00,2026-05-01T23:09:58-07:00,1,4
projects/projects.js,79,js,aa762eed,nmanayilakath-droid,2026-05-01,23:09:58,-07:00,2026-05-01T23:09:58-07:00,2,14
projects/projects.js,80,js,aa762eed,nmanayilakath-droid,2026-05-01,23:09:58,-07:00,2026-05-01T23:09:58-07:00,2,9
projects/projects.js,81,js,aa762eed,nmanayilakath-droid,2026-05-01,23:09:58,-07:00,2026-05-01T23:09:58-07:00,2,4
projects/projects.js,82,js,aa762eed,nmanayilakath-droid,2026-05-01,23:09:58,-07:00,2026-05-01T23:09:58-07:00,3,8
projects/projects.js,83,js,aa762eed,nmanayilakath-droid,2026-05-01,23:09:58,-07:00,2026-05-01T23:09:58-07:00,4,3
projects/projects.js,84,js,aa762eed,nmanayilakath-droid,2026-05-01,23:09:58,-07:00,2026-05-01T23:09:58-07:00,5,11
projects/projects.js,85,js,aa762eed,nmanayilakath-droid,2026-05-01,23:09:58,-07:00,2026-05-01T23:09:58-07:00,5,27
projects/projects.js,86,js,aa762eed,nmanayilakath-droid,2026-05-01,23:09:58,-07:00,2026-05-01T23:09:58-07:00,5,46
projects/projects.js,87,js,aa762eed,nmanayilakath-droid,2026-05-01,23:09:58,-07:00,2026-05-01T23:09:58-07:00,5,75
projects/projects.js,88,js,aa762eed,nmanayilakath-droid,2026-05-01,23:09:58,-07:00,2026-05-01T23:09:58-07:00,5,22
projects/projects.js,89,js,aa762eed,nmanayilakath-droid,2026-05-01,23:09:58,-07:00,2026-05-01T23:09:58-07:00,6,55
projects/projects.js,90,js,aa762eed,nmanayilakath-droid,2026-05-01,23:09:58,-07:00,2026-05-01T23:09:58-07:00,6,11
projects/projects.js,91,js,aa762eed,nmanayilakath-droid,2026-05-01,23:09:58,-07:00,2026-05-01T23:09:58-07:00,5,1
projects/projects.js,92,js,aa762eed,nmanayilakath-droid,2026-05-01,23:09:58,-07:00,2026-05-01T23:09:58-07:00,3,9
projects/projects.js,93,js,aa762eed,nmanayilakath-droid,2026-05-01,23:09:58,-07:00,2026-05-01T23:09:58-07:00,4,4
projects/projects.js,94,js,aa762eed,nmanayilakath-droid,2026-05-01,23:09:58,-07:00,2026-05-01T23:09:58-07:00,5,46
projects/projects.js,95,js,aa762eed,nmanayilakath-droid,2026-05-01,23:09:58,-07:00,2026-05-01T23:09:58-07:00,5,52
projects/projects.js,96,js,aa762eed,nmanayilakath-droid,2026-05-01,23:09:58,-07:00,2026-05-01T23:09:58-07:00,3,21
projects/projects.js,97,js,aa762eed,nmanayilakath-droid,2026-05-01,23:09:58,-07:00,2026-05-01T23:09:58-07:00,2,0
projects/projects.js,98,js,aa762eed,nmanayilakath-droid,2026-05-01,23:09:58,-07:00,2026-05-01T23:09:58-07:00,2,52
projects/projects.js,99,js,17205fca,nmanayilakath-droid,2026-04-24,22:24:39,-07:00,2026-04-24T22:24:39-07:00,0,0
projects/projects.js,100,js,aa762eed,nmanayilakath-droid,2026-05-01,23:09:58,-07:00,2026-05-01T23:09:58-07:00,0,0
projects/projects.js,101,js,aa762eed,nmanayilakath-droid,2026-05-01,23:09:58,-07:00,2026-05-01T23:09:58-07:00,0,21
projects/projects.js,102,js,aa762eed,nmanayilakath-droid,2026-05-01,23:09:58,-07:00,2026-05-01T23:09:58-07:00,1,45
projects/projects.js,103,js,aa762eed,nmanayilakath-droid,2026-05-01,23:09:58,-07:00,2026-05-01T23:09:58-07:00,1,36
projects/projects.js,104,js,aa762eed,nmanayilakath-droid,2026-05-01,23:09:58,-07:00,2026-05-01T23:09:58-07:00,1,56
projects/projects.js,105,js,aa762eed,nmanayilakath-droid,2026-05-01,23:09:58,-07:00,2026-05-01T23:09:58-07:00,1,31
projects/projects.js,106,js,aa762eed,nmanayilakath-droid,2026-05-01,23:09:58,-07:00,2026-05-01T23:09:58-07:00,0,0
projects/projects.js,107,js,aa762eed,nmanayilakath-droid,2026-05-01,23:09:58,-07:00,2026-05-01T23:09:58-07:00,0,0
projects/projects.js,108,js,aa762eed,nmanayilakath-droid,2026-05-01,23:09:58,-07:00,2026-05-01T23:09:58-07:00,0,16
projects/projects.js,109,js,aa762eed,nmanayilakath-droid,2026-05-01,23:09:58,-07:00,2026-05-01T23:09:58-07:00,1,48
projects/projects.js,110,js,aa762eed,nmanayilakath-droid,2026-05-01,23:09:58,-07:00,2026-05-01T23:09:58-07:00,2,25
projects/projects.js,111,js,aa762eed,nmanayilakath-droid,2026-05-01,23:09:58,-07:00,2026-05-01T23:09:58-07:00,2,11
projects/projects.js,112,js,aa762eed,nmanayilakath-droid,2026-05-01,23:09:58,-07:00,2026-05-01T23:09:58-07:00,1,1
projects/projects.js,113,js,aa762eed,nmanayilakath-droid,2026-05-01,23:09:58,-07:00,2026-05-01T23:09:58-07:00,0,0
projects/projects.js,114,js,aa762eed,nmanayilakath-droid,2026-05-01,23:09:58,-07:00,2026-05-01T23:09:58-07:00,0,0
projects/projects.js,115,js,aa762eed,nmanayilakath-droid,2026-05-01,23:09:58,-07:00,2026-05-01T23:09:58-07:00,0,11
projects/index.html,1,html,c8ece481,nmanayilakath-droid,2026-04-10,22:26:12,-07:00,2026-04-10T22:26:12-07:00,0,13
projects/index.html,2,html,35131b76,nmanayilakath-droid,2026-04-03,21:38:12,-07:00,2026-04-03T21:38:12-07:00,0,14
projects/index.html,3,html,35131b76,nmanayilakath-droid,2026-04-03,21:38:12,-07:00,2026-04-03T21:38:12-07:00,0,4
projects/index.html,4,html,c8ece481,nmanayilakath-droid,2026-04-10,22:26:12,-07:00,2026-04-10T22:26:12-07:00,1,22
projects/index.html,5,html,c8ece481,nmanayilakath-droid,2026-04-10,22:26:12,-07:00,2026-04-10T22:26:12-07:00,1,68
projects/index.html,6,html,c8ece481,nmanayilakath-droid,2026-04-10,22:26:12,-07:00,2026-04-10T22:26:12-07:00,1,21
projects/index.html,7,html,c8ece481,nmanayilakath-droid,2026-04-10,22:26:12,-07:00,2026-04-10T22:26:12-07:00,1,41
projects/index.html,8,html,c0aa8a8c,nmanayilakath-droid,2026-04-17,20:37:51,-07:00,2026-04-17T20:37:51-07:00,1,48
projects/index.html,9,html,17205fca,nmanayilakath-droid,2026-04-24,22:24:39,-07:00,2026-04-24T22:24:39-07:00,1,47
projects/index.html,10,html,35131b76,nmanayilakath-droid,2026-04-03,21:38:12,-07:00,2026-04-03T21:38:12-07:00,0,5
projects/index.html,11,html,35131b76,nmanayilakath-droid,2026-04-03,21:38:12,-07:00,2026-04-03T21:38:12-07:00,0,4
projects/index.html,12,html,35131b76,nmanayilakath-droid,2026-04-03,21:38:12,-07:00,2026-04-03T21:38:12-07:00,0,0
projects/index.html,13,html,17205fca,nmanayilakath-droid,2026-04-24,22:24:39,-07:00,2026-04-24T22:24:39-07:00,1,38
projects/index.html,14,html,35131b76,nmanayilakath-droid,2026-04-03,21:38:12,-07:00,2026-04-03T21:38:12-07:00,0,0
projects/index.html,15,html,aa762eed,nmanayilakath-droid,2026-05-01,23:09:58,-07:00,2026-05-01T23:09:58-07:00,1,4
projects/index.html,16,html,aa762eed,nmanayilakath-droid,2026-05-01,23:09:58,-07:00,2026-05-01T23:09:58-07:00,2,15
projects/index.html,17,html,aa762eed,nmanayilakath-droid,2026-05-01,23:09:58,-07:00,2026-05-01T23:09:58-07:00,2,11
projects/index.html,18,html,aa762eed,nmanayilakath-droid,2026-05-01,23:09:58,-07:00,2026-05-01T23:09:58-07:00,2,26
projects/index.html,19,html,aa762eed,nmanayilakath-droid,2026-05-01,23:09:58,-07:00,2026-05-01T23:09:58-07:00,2,31
projects/index.html,20,html,aa762eed,nmanayilakath-droid,2026-05-01,23:09:58,-07:00,2026-05-01T23:09:58-07:00,1,0
projects/index.html,21,html,aa762eed,nmanayilakath-droid,2026-05-01,23:09:58,-07:00,2026-05-01T23:09:58-07:00,0,0
projects/index.html,22,html,aa762eed,nmanayilakath-droid,2026-05-01,23:09:58,-07:00,2026-05-01T23:09:58-07:00,1,25
projects/index.html,23,html,aa762eed,nmanayilakath-droid,2026-05-01,23:09:58,-07:00,2026-05-01T23:09:58-07:00,2,99
projects/index.html,24,html,aa762eed,nmanayilakath-droid,2026-05-01,23:09:58,-07:00,2026-05-01T23:09:58-07:00,2,55
projects/index.html,25,html,c8ece481,nmanayilakath-droid,2026-04-10,22:26:12,-07:00,2026-04-10T22:26:12-07:00,1,4
projects/index.html,26,html,aa762eed,nmanayilakath-droid,2026-05-01,23:09:58,-07:00,2026-05-01T23:09:58-07:00,0,0
projects/index.html,27,html,aa762eed,nmanayilakath-droid,2026-05-01,23:09:58,-07:00,2026-05-01T23:09:58-07:00,1,26
projects/index.html,28,html,35131b76,nmanayilakath-droid,2026-04-03,21:38:12,-07:00,2026-04-03T21:38:12-07:00,0,5
projects/index.html,29,html,35131b76,nmanayilakath-droid,2026-04-03,21:38:12,-07:00,2026-04-03T21:38:12-07:00,0,5
contact/index.html,1,html,c8ece481,nmanayilakath-droid,2026-04-10,22:26:12,-07:00,2026-04-10T22:26:12-07:00,0,13
contact/index.html,2,html,35131b76,nmanayilakath-droid,2026-04-03,21:38:12,-07:00,2026-04-03T21:38:12-07:00,0,14
contact/index.html,3,html,35131b76,nmanayilakath-droid,2026-04-03,21:38:12,-07:00,2026-04-03T21:38:12-07:00,0,4
contact/index.html,4,html,c8ece481,nmanayilakath-droid,2026-04-10,22:26:12,-07:00,2026-04-10T22:26:12-07:00,1,22
contact/index.html,5,html,c8ece481,nmanayilakath-droid,2026-04-10,22:26:12,-07:00,2026-04-10T22:26:12-07:00,1,68
contact/index.html,6,html,c8ece481,nmanayilakath-droid,2026-04-10,22:26:12,-07:00,2026-04-10T22:26:12-07:00,1,20
contact/index.html,7,html,c8ece481,nmanayilakath-droid,2026-04-10,22:26:12,-07:00,2026-04-10T22:26:12-07:00,0,0
contact/index.html,8,html,c8ece481,nmanayilakath-droid,2026-04-10,22:26:12,-07:00,2026-04-10T22:26:12-07:00,1,0
contact/index.html,9,html,c8ece481,nmanayilakath-droid,2026-04-10,22:26:12,-07:00,2026-04-10T22:26:12-07:00,1,41
contact/index.html,10,html,c0aa8a8c,nmanayilakath-droid,2026-04-17,20:37:51,-07:00,2026-04-17T20:37:51-07:00,1,48
contact/index.html,11,html,35131b76,nmanayilakath-droid,2026-04-03,21:38:12,-07:00,2026-04-03T21:38:12-07:00,0,5
contact/index.html,12,html,c8ece481,nmanayilakath-droid,2026-04-10,22:26:12,-07:00,2026-04-10T22:26:12-07:00,0,0
contact/index.html,13,html,35131b76,nmanayilakath-droid,2026-04-03,21:38:12,-07:00,2026-04-03T21:38:12-07:00,0,4
contact/index.html,14,html,c8ece481,nmanayilakath-droid,2026-04-10,22:26:12,-07:00,2026-04-10T22:26:12-07:00,0,0
contact/index.html,15,html,c8ece481,nmanayilakath-droid,2026-04-10,22:26:12,-07:00,2026-04-10T22:26:12-07:00,1,0
contact/index.html,16,html,c8ece481,nmanayilakath-droid,2026-04-10,22:26:12,-07:00,2026-04-10T22:26:12-07:00,1,3
contact/index.html,17,html,c8ece481,nmanayilakath-droid,2026-04-10,22:26:12,-07:00,2026-04-10T22:26:12-07:00,2,32
contact/index.html,18,html,c8ece481,nmanayilakath-droid,2026-04-10,22:26:12,-07:00,2026-04-10T22:26:12-07:00,2,45
contact/index.html,19,html,c0aa8a8c,nmanayilakath-droid,2026-04-17,20:37:51,-07:00,2026-04-17T20:37:51-07:00,2,24
contact/index.html,20,html,c8ece481,nmanayilakath-droid,2026-04-10,22:26:12,-07:00,2026-04-10T22:26:12-07:00,2,99
contact/index.html,21,html,c8ece481,nmanayilakath-droid,2026-04-10,22:26:12,-07:00,2026-04-10T22:26:12-07:00,1,4
contact/index.html,22,html,c8ece481,nmanayilakath-droid,2026-04-10,22:26:12,-07:00,2026-04-10T22:26:12-07:00,0,0
contact/index.html,23,html,c8ece481,nmanayilakath-droid,2026-04-10,22:26:12,-07:00,2026-04-10T22:26:12-07:00,1,14
contact/index.html,24,html,c8ece481,nmanayilakath-droid,2026-04-10,22:26:12,-07:00,2026-04-10T22:26:12-07:00,0,0
contact/index.html,25,html,c8ece481,nmanayilakath-droid,2026-04-10,22:26:12,-07:00,2026-04-10T22:26:12-07:00,1,0
contact/index.html,26,html,c8ece481,nmanayilakath-droid,2026-04-10,22:26:12,-07:00,2026-04-10T22:26:12-07:00,1,78
contact/index.html,27,html,c8ece481,nmanayilakath-droid,2026-04-10,22:26:12,-07:00,2026-04-10T22:26:12-07:00,0,0
contact/index.html,28,html,c8ece481,nmanayilakath-droid,2026-04-10,22:26:12,-07:00,2026-04-10T22:26:12-07:00,2,5
contact/index.html,29,html,c8ece481,nmanayilakath-droid,2026-04-10,22:26:12,-07:00,2026-04-10T22:26:12-07:00,3,8
contact/index.html,30,html,c8ece481,nmanayilakath-droid,2026-04-10,22:26:12,-07:00,2026-04-10T22:26:12-07:00,3,40
contact/index.html,31,html,c8ece481,nmanayilakath-droid,2026-04-10,22:26:12,-07:00,2026-04-10T22:26:12-07:00,2,6
contact/index.html,32,html,c8ece481,nmanayilakath-droid,2026-04-10,22:26:12,-07:00,2026-04-10T22:26:12-07:00,0,0
contact/index.html,33,html,c8ece481,nmanayilakath-droid,2026-04-10,22:26:12,-07:00,2026-04-10T22:26:12-07:00,2,5
contact/index.html,34,html,c8ece481,nmanayilakath-droid,2026-04-10,22:26:12,-07:00,2026-04-10T22:26:12-07:00,3,5
contact/index.html,35,html,c8ece481,nmanayilakath-droid,2026-04-10,22:26:12,-07:00,2026-04-10T22:26:12-07:00,3,49
contact/index.html,36,html,c8ece481,nmanayilakath-droid,2026-04-10,22:26:12,-07:00,2026-04-10T22:26:12-07:00,2,6
contact/index.html,37,html,c8ece481,nmanayilakath-droid,2026-04-10,22:26:12,-07:00,2026-04-10T22:26:12-07:00,0,0
contact/index.html,38,html,c8ece481,nmanayilakath-droid,2026-04-10,22:26:12,-07:00,2026-04-10T22:26:12-07:00,2,5
contact/index.html,39,html,c8ece481,nmanayilakath-droid,2026-04-10,22:26:12,-07:00,2026-04-10T22:26:12-07:00,3,5
contact/index.html,40,html,c8ece481,nmanayilakath-droid,2026-04-10,22:26:12,-07:00,2026-04-10T22:26:12-07:00,3,80
contact/index.html,41,html,c8ece481,nmanayilakath-droid,2026-04-10,22:26:12,-07:00,2026-04-10T22:26:12-07:00,2,6
contact/index.html,42,html,c8ece481,nmanayilakath-droid,2026-04-10,22:26:12,-07:00,2026-04-10T22:26:12-07:00,0,0
contact/index.html,43,html,c8ece481,nmanayilakath-droid,2026-04-10,22:26:12,-07:00,2026-04-10T22:26:12-07:00,2,19
contact/index.html,44,html,c8ece481,nmanayilakath-droid,2026-04-10,22:26:12,-07:00,2026-04-10T22:26:12-07:00,0,0
contact/index.html,45,html,c8ece481,nmanayilakath-droid,2026-04-10,22:26:12,-07:00,2026-04-10T22:26:12-07:00,1,5
contact/index.html,46,html,35131b76,nmanayilakath-droid,2026-04-03,21:38:12,-07:00,2026-04-03T21:38:12-07:00,0,0
contact/index.html,47,html,35131b76,nmanayilakath-droid,2026-04-03,21:38:12,-07:00,2026-04-03T21:38:12-07:00,0,5
contact/index.html,48,html,c8ece481,nmanayilakath-droid,2026-04-10,22:26:12,-07:00,2026-04-10T22:26:12-07:00,0,5
